UTDRAG ur Kemikalieinspektionens PRIO-databas;;;;;;;;;;
Datum: 2018-12-10;;;;;;;;;;
;;;;;;;;;;
Ämnesgrupper: bly och blyföreningar;;;;;;;;;;
;;;;;;;;;;
"Ämnesnamn	CAS-nr	EG-nr	Prioriteringsnivå	Kriterier";cas_nr;eg_nr;prioritering;kriterie1;kriterie2;kriterie3;kriterie4;;;
Lead, dross, vanadium-zinc-contg.;100656-49-3;309-638-7;Utfasningsämne;CMR (kategori 1A och 1B), Reproduktionsstörande; Särskilt farliga metaller (Hg, Cd, Pb), Pb; Miljöfarligt, långtidseffekter;;;;
Flue dust, copper-lead blast furnace, cadmium-indium-enriched;100656-55-1;309-645-5;Utfasningsämne;CMR (kategori 1A och 1B), Reproduktionsstörande; Särskilt farliga metaller (Hg, Cd, Pb), Cd; Särskilt farliga metaller (Hg, Cd, Pb), Pb; Miljöfarligt, långtidseffekter;;;
Blydinitrat;10099-74-8;233-245-9;Utfasningsämne;CMR (kategori 1A och 1B), Reproduktionsstörande; Särskilt farliga metaller (Hg, Cd, Pb), Pb; Miljöfarligt, långtidseffekter;;;;
Matte, copper-lead, tellurium-contg.;100656-53-9;309-642-9;Utfasningsämne;CMR (kategori 1A och 1B), Reproduktionsstörande; Särskilt farliga metaller (Hg, Cd, Pb), Pb; Miljöfarligt, långtidseffekter;;;;
Blydivanadinhexaoxid;10099-79-3;233-248-5;Utfasningsämne;CMR (kategori 1A och 1B), Reproduktionsstörande; Särskilt farliga metaller (Hg, Cd, Pb), Pb; Miljöfarligt, långtidseffekter;;;;
Kalciumsilikat, bly-och mangandopad;102110-36-1;310-036-1;Utfasningsämne;CMR (kategori 1A och 1B), Reproduktionsstörande; Särskilt farliga metaller (Hg, Cd, Pb), Pb; Miljöfarligt, långtidseffekter;;;;
Blyisooktanoatneodekanoat komplex;101013-06-3;309-808-0;Utfasningsämne;CMR (kategori 1A och 1B), Reproduktionsstörande; Särskilt farliga metaller (Hg, Cd, Pb), Pb; Miljöfarligt, långtidseffekter;;;;
Blydijodid;10101-63-0;233-256-9;Utfasningsämne;CMR (kategori 1A och 1B), Reproduktionsstörande; Särskilt farliga metaller (Hg, Cd, Pb), Pb; Miljöfarligt, långtidseffekter;;;;
Blymolybdat;10190-55-3;233-459-2;Utfasningsämne;CMR (kategori 1A och 1B), Reproduktionsstörande; Särskilt farliga metaller (Hg, Cd, Pb), Pb; Miljöfarligt, långtidseffekter;;;;
Phosphoric acid, calcium salt (1:1), solid soln. with calcium chloride, calcium fluoride, calcium oxide, phosphorus oxide (P2O5) and strontium oxide, lead and manganese-doped;102047-25-6;310-002-6;Utfasningsämne;CMR (kategori 1A och 1B), Reproduktionsstörande; Särskilt farliga metaller (Hg, Cd, Pb), Pb; Miljöfarligt, långtidseffekter;;;;
Barium oxide (BaO), solid soln. with calcium oxide, strontium oxide and tungsten oxide (WO3), lead-doped;102110-24-7;310-023-0;Utfasningsämne;CMR (kategori 1A och 1B), Reproduktionsstörande; Särskilt farliga metaller (Hg, Cd, Pb), Pb; Miljöfarligt, långtidseffekter;;;;
Boric acid (H3BO3), solid soln. with barium oxide, calcium oxide and strontium oxide, lead and manganese-doped;102110-26-9;310-025-1;Utfasningsämne;CMR (kategori 1A och 1B), Reproduktionsstörande; Särskilt farliga metaller (Hg, Cd, Pb), Pb; Miljöfarligt, långtidseffekter;;;;
Bly(II)silikat;10099-76-0;233-246-4;Utfasningsämne;CMR (kategori 1A och 1B), Reproduktionsstörande; Särskilt farliga metaller (Hg, Cd, Pb), Pb; Miljöfarligt, långtidseffekter;;;;
Bly-(C3-13)-karboxylatnaftenat komplex;79803-79-5;;Utfasningsämne;CMR (kategori 1A och 1B), Reproduktionsstörande; Särskilt farliga metaller (Hg, Cd, Pb), Pb; Miljöfarligt, långtidseffekter;;;;
Blysulfit;7446-10-8;231-196-8;Utfasningsämne;CMR (kategori 1A och 1B), Reproduktionsstörande; Särskilt farliga metaller (Hg, Cd, Pb), Pb; Miljöfarligt, långtidseffekter;;;;
Bly-(C5-23)-grenade karboxylatnaftenatoktanoat komplex;83711-47-1;280-544-5;Utfasningsämne;CMR (kategori 1A och 1B), Reproduktionsstörande; Särskilt farliga metaller (Hg, Cd, Pb), Pb; Miljöfarligt, långtidseffekter;;;;
Bly-(C5-23)-grenade karboxylatnaftenat komplex;83711-46-0;280-542-4;Utfasningsämne;CMR (kategori 1A och 1B), Reproduktionsstörande; Särskilt farliga metaller (Hg, Cd, Pb), Pb; Miljöfarligt, långtidseffekter;;;;
Bly-(C5-23)-grenade karboxylat-(C4-10)-karboxylatnaftenat komplex;83711-45-9;280-541-9;Utfasningsämne;CMR (kategori 1A och 1B), Reproduktionsstörande; Särskilt farliga metaller (Hg, Cd, Pb), Pb; Miljöfarligt, långtidseffekter;;;;
Blydibutyrat;819-73-8;212-462-2;Utfasningsämne;CMR (kategori 1A och 1B), Reproduktionsstörande; Särskilt farliga metaller (Hg, Cd, Pb), Pb; Miljöfarligt, långtidseffekter;;;;
Blymalat;816-68-2;212-436-0;Utfasningsämne;CMR (kategori 1A och 1B), Reproduktionsstörande; Särskilt farliga metaller (Hg, Cd, Pb), Pb; Miljöfarligt, långtidseffekter;;;;
Blytartrat;815-84-9;212-426-6;Utfasningsämne;CMR (kategori 1A och 1B), Reproduktionsstörande; Särskilt farliga metaller (Hg, Cd, Pb), Pb; Miljöfarligt, långtidseffekter;;;;
Blyoxalat;814-93-7;212-413-5;Utfasningsämne;CMR (kategori 1A och 1B), Reproduktionsstörande; Särskilt farliga metaller (Hg, Cd, Pb), Pb; Miljöfarligt, långtidseffekter;;;;
Blydipropionat;814-70-0;212-400-4;Utfasningsämne;CMR (kategori 1A och 1B), Reproduktionsstörande; Särskilt farliga metaller (Hg, Cd, Pb), Pb; Miljöfarligt, långtidseffekter;;;;
Leach residues, zinc ore-calcine, cadmium-copper ppt.;91053-46-2;293-311-8;Utfasningsämne;Särskilt farliga metaller (Hg, Cd, Pb), Cd; Särskilt farliga metaller (Hg, Cd, Pb), Pb; Miljöfarligt, långtidseffekter;;;;
Slimes and Sludges, copper conc. roasting off gas scrubbing, lead-mercury-selenium-contg.;102110-61-2;310-062-3;Utfasningsämne;CMR (kategori 1A och 1B), Reproduktionsstörande; Särskilt farliga metaller (Hg, Cd, Pb), Pb; Miljöfarligt, långtidseffekter;;;;
Slimes and Sludges, battery scrap, antimony- and lead-rich;102110-60-1;310-061-8;Utfasningsämne;CMR (kategori 1A och 1B), Reproduktionsstörande; Särskilt farliga metaller (Hg, Cd, Pb), Pb; Miljöfarligt, långtidseffekter;;;;
Blydistearat;1072-35-1;214-005-2;Utfasningsämne;CMR (kategori 1A och 1B), Reproduktionsstörande; Särskilt farliga metaller (Hg, Cd, Pb), Pb; Miljöfarligt, långtidseffekter;;;;
Blydifosfinat;10294-58-3;233-664-7;Utfasningsämne;CMR (kategori 1A och 1B), Reproduktionsstörande; Särskilt farliga metaller (Hg, Cd, Pb), Pb; Miljöfarligt, långtidseffekter;;;;
Residues, copper-iron-lead-nickel matte, sulfuric acid-insol.;102110-49-6;310-050-8;Utfasningsämne;CMR (kategori 1A och 1B), Reproduktionsstörande; Särskilt farliga metaller (Hg, Cd, Pb), Pb; Miljöfarligt, långtidseffekter;;;;
Trietylblyklorid;1067-14-7;213-925-1;Utfasningsämne;CMR (kategori 1A och 1B), Reproduktionsstörande; Särskilt farliga metaller (Hg, Cd, Pb), Pb; Miljöfarligt, långtidseffekter;;;;
Blydimetakrylat;1068-61-7;213-949-2;Utfasningsämne;CMR (kategori 1A och 1B), Reproduktionsstörande; Särskilt farliga metaller (Hg, Cd, Pb), Pb; Miljöfarligt, långtidseffekter;;;;
Slimes and Sludges, copper-lead ore roasting off gas scrubbing, arsenic-contg.;102110-62-3;310-063-9;Utfasningsämne;CMR (kategori 1A och 1B), Reproduktionsstörande; Särskilt farliga metaller (Hg, Cd, Pb), Pb; Miljöfarligt, långtidseffekter;;;;
Blykiselkromat;11113-70-5;234-347-6;Utfasningsämne;CMR (kategori 1A och 1B), Reproduktionsstörande; Särskilt farliga metaller (Hg, Cd, Pb), Pb; Miljöfarligt, långtidseffekter;;;;
Divismutdiblytetraruteniumtridekaoxid;11116-83-9;234-358-6;Utfasningsämne;CMR (kategori 1A och 1B), Reproduktionsstörande; Särskilt farliga metaller (Hg, Cd, Pb), Pb; Miljöfarligt, långtidseffekter;;;;
Blysilikat;11120-22-2;234-363-3;Utfasningsämne;CMR (kategori 1A och 1B), Reproduktionsstörande; Särskilt farliga metaller (Hg, Cd, Pb), Pb; Miljöfarligt, långtidseffekter;;;;
Blydioleat;1120-46-3;214-310-0;Utfasningsämne;CMR (kategori 1A och 1B), Reproduktionsstörande; Särskilt farliga metaller (Hg, Cd, Pb), Pb; Miljöfarligt, långtidseffekter;;;;
Trifenylblyacetat;1162-06-7;214-601-2;Utfasningsämne;CMR (kategori 1A och 1B), Reproduktionsstörande; Särskilt farliga metaller (Hg, Cd, Pb), Pb; Miljöfarligt, långtidseffekter;;;;
Blysuccinat;1191-18-0;214-732-5;Utfasningsämne;CMR (kategori 1A och 1B), Reproduktionsstörande; Särskilt farliga metaller (Hg, Cd, Pb), Pb; Miljöfarligt, långtidseffekter;;;;
Lead ores, concs., leached;102110-48-5;310-049-2;Utfasningsämne;CMR (kategori 1A och 1B), Reproduktionsstörande; Särskilt farliga metaller (Hg, Cd, Pb), Pb; Miljöfarligt, långtidseffekter;;;;
Kalciumsilikat, bly-och mangandopad;100402-96-8;309-535-7;Utfasningsämne;CMR (kategori 1A och 1B), Reproduktionsstörande; Särskilt farliga metaller (Hg, Cd, Pb), Pb; Miljöfarligt, långtidseffekter;;;;
Klortrifenylbly;1153-06-6;214-572-6;Utfasningsämne;CMR (kategori 1A och 1B), Reproduktionsstörande; Särskilt farliga metaller (Hg, Cd, Pb), Pb; Miljöfarligt, långtidseffekter;;;;
Blyisodekanoatnaftenat komplex, basisk;101012-92-4;309-793-0;Utfasningsämne;CMR (kategori 1A och 1B), Reproduktionsstörande; Särskilt farliga metaller (Hg, Cd, Pb), Pb; Miljöfarligt, långtidseffekter;;;;
Dikalciumblytetraoxid;12013-69-3;234-591-3;Utfasningsämne;CMR (kategori 1A och 1B), Reproduktionsstörande; Särskilt farliga metaller (Hg, Cd, Pb), Pb; Miljöfarligt, långtidseffekter;;;;
Blydiarsenit;10031-13-7;233-083-9;Utfasningsämne;CMR (kategori 1A och 1B), Reproduktionsstörande; Särskilt farliga metaller (Hg, Cd, Pb), Pb; Miljöfarligt, långtidseffekter;;;;
Blydibromid;10031-22-8;233-084-4;Utfasningsämne;CMR (kategori 1A och 1B), Reproduktionsstörande; Särskilt farliga metaller (Hg, Cd, Pb), Pb; Miljöfarligt, långtidseffekter;;;;
Bly-(C9-11)-karboxylat grenade;81412-57-9;279-755-5;Utfasningsämne;CMR (kategori 1A och 1B), Reproduktionsstörande; Särskilt farliga metaller (Hg, Cd, Pb), Pb; Miljöfarligt, långtidseffekter;;;;
Blydiformat;811-54-1;212-371-8;Utfasningsämne;CMR (kategori 1A och 1B), Reproduktionsstörande; Särskilt farliga metaller (Hg, Cd, Pb), Pb; Miljöfarligt, långtidseffekter;;;;
Bly-(C5-23)-grenade karboxylatoktanoat komplex;84066-99-9;281-935-3;Utfasningsämne;CMR (kategori 1A och 1B), Reproduktionsstörande; Särskilt farliga metaller (Hg, Cd, Pb), Pb; Miljöfarligt, långtidseffekter;;;;
Bly-(C4-10)-karboxylatnaftenat komplex;84067-00-5;281-936-9;Utfasningsämne;CMR (kategori 1A och 1B), Reproduktionsstörande; Särskilt farliga metaller (Hg, Cd, Pb), Pb; Miljöfarligt, långtidseffekter;;;;
Bly-4,6-dinitro-o-kresylathydroxidnitrat;79357-62-3;;Utfasningsämne;CMR (kategori 1A och 1B), Reproduktionsstörande; Särskilt farliga metaller (Hg, Cd, Pb), Pb; Miljöfarligt, långtidseffekter;;;;
Blytetrafluorid;7783-59-7;232-012-9;Utfasningsämne;CMR (kategori 1A och 1B), Reproduktionsstörande; Särskilt farliga metaller (Hg, Cd, Pb), Pb; Miljöfarligt, långtidseffekter;;;;
Blydifluorid;7783-46-2;231-998-8;Utfasningsämne;CMR (kategori 1A och 1B), Reproduktionsstörande; Särskilt farliga metaller (Hg, Cd, Pb), Pb; Miljöfarligt, långtidseffekter;;;;
Blyvolframtetraoxid;7759-01-5;231-849-7;Utfasningsämne;CMR (kategori 1A och 1B), Reproduktionsstörande; Särskilt farliga metaller (Hg, Cd, Pb), Pb; Miljöfarligt, långtidseffekter;;;;
Bly(II)klorid;7758-95-4;231-845-5;Utfasningsämne;CMR (kategori 1A och 1B), Reproduktionsstörande; Särskilt farliga metaller (Hg, Cd, Pb), Pb; Miljöfarligt, långtidseffekter;;;;
Bly(4+)palmitat;7717-47-7;;Utfasningsämne;CMR (kategori 1A och 1B), Reproduktionsstörande; Särskilt farliga metaller (Hg, Cd, Pb), Pb; Miljöfarligt, långtidseffekter;;;;
Bly(4+)stearat;7717-46-6;231-740-4;Utfasningsämne;CMR (kategori 1A och 1B), Reproduktionsstörande; Särskilt farliga metaller (Hg, Cd, Pb), Pb; Miljöfarligt, långtidseffekter;;;;
Blybis(difenylditiokarbamat);75790-73-7;;Utfasningsämne;CMR (kategori 1A och 1B), Reproduktionsstörande; Särskilt farliga metaller (Hg, Cd, Pb), Pb; Miljöfarligt, långtidseffekter;;;;
Blyselenit;7488-51-9;231-300-1;Utfasningsämne;CMR (kategori 1A och 1B), Reproduktionsstörande; Särskilt farliga metaller (Hg, Cd, Pb), Pb; Miljöfarligt, långtidseffekter;;;;
Blyselenat;7446-15-3;231-199-4;Utfasningsämne;CMR (kategori 1A och 1B), Reproduktionsstörande; Särskilt farliga metaller (Hg, Cd, Pb), Pb; Miljöfarligt, långtidseffekter;;;;
Bly(2+)-2-butendioat, basisk;90268-59-0;290-862-6;Utfasningsämne;CMR (kategori 1A och 1B), Reproduktionsstörande; Särskilt farliga metaller (Hg, Cd, Pb), Pb; Miljöfarligt, långtidseffekter;;;;
Bly antimon gul pyroklor;8012-00-8;232-382-1;Utfasningsämne;CMR (kategori 1A och 1B), Reproduktionsstörande; Särskilt farliga metaller (Hg, Cd, Pb), Pb; Miljöfarligt, långtidseffekter;;;;
Benzenesulfonic acid, 4-C10-13-sec-alkyl derivs., lead(2+) salts;84961-75-1;284-665-4;Utfasningsämne;CMR (kategori 1A och 1B), Reproduktionsstörande; Särskilt farliga metaller (Hg, Cd, Pb), Pb; Miljöfarligt, långtidseffekter;;;;
Bly-2,4-dihydroxibenzoat;68954-05-2;;Utfasningsämne;CMR (kategori 1A och 1B), Reproduktionsstörande; Särskilt farliga metaller (Hg, Cd, Pb), Pb; Miljöfarligt, långtidseffekter;;;;
Hartssyra, blysalt;9008-26-8;232-714-5;Utfasningsämne;CMR (kategori 1A och 1B), Reproduktionsstörande; Särskilt farliga metaller (Hg, Cd, Pb), Pb; Miljöfarligt, långtidseffekter;;;;
Blyhydroxi(2-hydroxibenzoat-O1,O2);87903-39-7;;Utfasningsämne;CMR (kategori 1A och 1B), Reproduktionsstörande; Särskilt farliga metaller (Hg, Cd, Pb), Pb; Miljöfarligt, långtidseffekter;;;;
Blydibensoat;873-54-1;212-841-2;Utfasningsämne;CMR (kategori 1A och 1B), Reproduktionsstörande; Särskilt farliga metaller (Hg, Cd, Pb), Pb; Miljöfarligt, långtidseffekter;;;;
Bly-diakrylat;867-47-0;212-760-2;Utfasningsämne;CMR (kategori 1A och 1B), Reproduktionsstörande; Särskilt farliga metaller (Hg, Cd, Pb), Pb; Miljöfarligt, långtidseffekter;;;;
Bly(2+)didodecylbenzensulfonat;85865-92-5;288-692-2;Utfasningsämne;CMR (kategori 1A och 1B), Reproduktionsstörande; Särskilt farliga metaller (Hg, Cd, Pb), Pb; Miljöfarligt, långtidseffekter;;;;
Bly(2+)tetrakosylbenzensulfonat;85865-91-4;288-691-7;Utfasningsämne;CMR (kategori 1A och 1B), Reproduktionsstörande; Särskilt farliga metaller (Hg, Cd, Pb), Pb; Miljöfarligt, långtidseffekter;;;;
Blyuranat, pigment;85536-79-4;287-565-9;Utfasningsämne;CMR (kategori 1A och 1B), Reproduktionsstörande; Särskilt farliga metaller (Hg, Cd, Pb), Pb; Miljöfarligt, långtidseffekter;;;;
Bly-bis(5-oxo-DL-prolinat);85392-78-5;286-936-2;Utfasningsämne;CMR (kategori 1A och 1B), Reproduktionsstörande; Särskilt farliga metaller (Hg, Cd, Pb), Pb; Miljöfarligt, långtidseffekter;;;;
Blydipidolat;85392-77-4;286-935-7;Utfasningsämne;CMR (kategori 1A och 1B), Reproduktionsstörande; Särskilt farliga metaller (Hg, Cd, Pb), Pb; Miljöfarligt, långtidseffekter;;;;
Bly(2+)-4-(1,1-dimetyletyl)benzoat;85292-77-9;286-637-7;Utfasningsämne;CMR (kategori 1A och 1B), Reproduktionsstörande; Särskilt farliga metaller (Hg, Cd, Pb), Pb; Miljöfarligt, långtidseffekter;;;;
Bly-(C5-23)-grenade karboxylat-(C4-10)-karboxylat komplex;84066-98-8;281-934-8;Utfasningsämne;CMR (kategori 1A och 1B), Reproduktionsstörande; Särskilt farliga metaller (Hg, Cd, Pb), Pb; Miljöfarligt, långtidseffekter;;;;
Bly-(C8-10)-karboxylat grenad;85049-42-9;285-212-3;Utfasningsämne;CMR (kategori 1A och 1B), Reproduktionsstörande; Särskilt farliga metaller (Hg, Cd, Pb), Pb; Miljöfarligt, långtidseffekter;;;;
Bly, isononanoat naftenat komplex;84929-97-5;284-577-6;Utfasningsämne;CMR (kategori 1A och 1B), Reproduktionsstörande; Särskilt farliga metaller (Hg, Cd, Pb), Pb; Miljöfarligt, långtidseffekter;;;;
Blynaftenatneodekanoat komplex, basisk;84929-96-4;284-576-0;Utfasningsämne;CMR (kategori 1A och 1B), Reproduktionsstörande; Särskilt farliga metaller (Hg, Cd, Pb), Pb; Miljöfarligt, långtidseffekter;;;;
Blyisooktanoatneodekanoat komplex, basisk;84929-95-3;284-575-5;Utfasningsämne;CMR (kategori 1A och 1B), Reproduktionsstörande; Särskilt farliga metaller (Hg, Cd, Pb), Pb; Miljöfarligt, långtidseffekter;;;;
Blyisononanoatisooktanoat komplex, basisk;84929-94-2;284-573-4;Utfasningsämne;CMR (kategori 1A och 1B), Reproduktionsstörande; Särskilt farliga metaller (Hg, Cd, Pb), Pb; Miljöfarligt, långtidseffekter;;;;
Bly(2+)isodekanoat;84852-34-6;284-345-4;Utfasningsämne;CMR (kategori 1A och 1B), Reproduktionsstörande; Särskilt farliga metaller (Hg, Cd, Pb), Pb; Miljöfarligt, långtidseffekter;;;;
Bly-(C18-24)-karboxylat;84776-54-5;283-982-5;Utfasningsämne;CMR (kategori 1A och 1B), Reproduktionsstörande; Särskilt farliga metaller (Hg, Cd, Pb), Pb; Miljöfarligt, långtidseffekter;;;;
Fatty acids, C8-18 and C18-unsatd., lead salts;84776-36-3;283-962-6;Utfasningsämne;CMR (kategori 1A och 1B), Reproduktionsstörande; Särskilt farliga metaller (Hg, Cd, Pb), Pb; Miljöfarligt, långtidseffekter;;;;
Bly(2+)-4-oktylfenolat;84394-98-9;282-756-3;Utfasningsämne;CMR (kategori 1A och 1B), Reproduktionsstörande; Särskilt farliga metaller (Hg, Cd, Pb), Pb; Miljöfarligt, långtidseffekter;;;;
Speiss, lead;84195-61-9;282-366-3;Utfasningsämne;CMR (kategori 1A och 1B), Reproduktionsstörande; Särskilt farliga metaller (Hg, Cd, Pb), Pb; Miljöfarligt, långtidseffekter;;;;
Slimes and Sludges, lead, electrolytic;84195-60-8;282-365-8;Utfasningsämne;CMR (kategori 1A och 1B), Reproduktionsstörande; Särskilt farliga metaller (Hg, Cd, Pb), Pb; Miljöfarligt, långtidseffekter;;;;
Bly-skärsten;84195-51-7;282-356-9;Utfasningsämne;CMR (kategori 1A och 1B), Reproduktionsstörande; Särskilt farliga metaller (Hg, Cd, Pb), Pb; Miljöfarligt, långtidseffekter;;;;
Flue dust, lead-manufg., cadmium-rich;85117-02-8;285-554-3;Utfasningsämne;CMR (kategori 1A och 1B), Reproduktionsstörande; Särskilt farliga metaller (Hg, Cd, Pb), Cd; Särskilt farliga metaller (Hg, Cd, Pb), Pb; Miljöfarligt, långtidseffekter;;;
Leach residues, zinc ore-calcine;69012-70-0;273-766-9;Utfasningsämne;CMR (kategori 1A och 1B), Reproduktionsstörande; Särskilt farliga metaller (Hg, Cd, Pb), Pb; Miljöfarligt, långtidseffekter;;;;
Bly(II)sulfat;7446-14-2;231-198-9;Utfasningsämne;CMR (kategori 1A och 1B), Reproduktionsstörande; Särskilt farliga metaller (Hg, Cd, Pb), Pb; Miljöfarligt, långtidseffekter;;;;
Leach residues, precious metal recovery lead refining;69029-72-7;273-813-3;Utfasningsämne;CMR (kategori 1A och 1B), Reproduktionsstörande; Särskilt farliga metaller (Hg, Cd, Pb), Pb; Miljöfarligt, långtidseffekter;;;;
Leach residues, lead slag;69029-71-6;273-812-8;Utfasningsämne;CMR (kategori 1A och 1B), Reproduktionsstörande; Särskilt farliga metaller (Hg, Cd, Pb), Pb; Miljöfarligt, långtidseffekter;;;;
Flue dust, lead-refining;69029-67-0;273-809-1;Utfasningsämne;CMR (kategori 1A och 1B), Reproduktionsstörande; Särskilt farliga metaller (Hg, Cd, Pb), Pb; Miljöfarligt, långtidseffekter;;;;
Bismuth, refinery lead chloride residues;69029-61-4;273-803-9;Utfasningsämne;CMR (kategori 1A och 1B), Reproduktionsstörande; Särskilt farliga metaller (Hg, Cd, Pb), Pb; Miljöfarligt, långtidseffekter;;;;
Lead refinery de-silverizing rims;69029-60-3;273-802-3;Utfasningsämne;CMR (kategori 1A och 1B), Reproduktionsstörande; Särskilt farliga metaller (Hg, Cd, Pb), Pb; Miljöfarligt, långtidseffekter;;;;
Secondary lead smelting;69029-58-9;273-800-2;Utfasningsämne;CMR (kategori 1A och 1B), Reproduktionsstörande; Särskilt farliga metaller (Hg, Cd, Pb), Pb; Miljöfarligt, långtidseffekter;;;;
Lead refinery zinc blocks;69029-57-8;273-799-9;Utfasningsämne;CMR (kategori 1A och 1B), Reproduktionsstörande; Särskilt farliga metaller (Hg, Cd, Pb), Pb; Miljöfarligt, långtidseffekter;;;;
Lead oxide (PbO), retort;69029-53-4;273-797-8;Utfasningsämne;CMR (kategori 1A och 1B), Reproduktionsstörande; Särskilt farliga metaller (Hg, Cd, Pb), Pb; Miljöfarligt, långtidseffekter;;;;
Blyslagg;69029-52-3;273-796-2;Utfasningsämne;CMR (kategori 1A och 1B), Reproduktionsstörande; Särskilt farliga metaller (Hg, Cd, Pb), Pb; Miljöfarligt, långtidseffekter;;;;
Antimonial lead;69029-50-1;;Utfasningsämne;CMR (kategori 1A och 1B), Reproduktionsstörande; Särskilt farliga metaller (Hg, Cd, Pb), Pb; Miljöfarligt, långtidseffekter;;;;
Rostad blyåterstod;69029-78-3;273-820-1;Utfasningsämne;CMR (kategori 1A och 1B), Reproduktionsstörande; Särskilt farliga metaller (Hg, Cd, Pb), Pb; Miljöfarligt, långtidseffekter;;;;
Calcines, copper smelting-fly-ash;69012-78-8;273-775-8;Utfasningsämne;CMR (kategori 1A och 1B), Reproduktionsstörande; Särskilt farliga metaller (Hg, Cd, Pb), Pb; Miljöfarligt, långtidseffekter;;;;
Återstod vid blysmältning;69029-79-4;273-821-7;Utfasningsämne;CMR (kategori 1A och 1B), Reproduktionsstörande; Särskilt farliga metaller (Hg, Cd, Pb), Pb; Miljöfarligt, långtidseffekter;;;;
Flue dust, lead-tin alloy-manufg.;69012-60-8;273-758-5;Utfasningsämne;CMR (kategori 1A och 1B), Reproduktionsstörande; Särskilt farliga metaller (Hg, Cd, Pb), Pb; Miljöfarligt, långtidseffekter;;;;
Lead smelter, sponge cadmium precipitate;69011-70-7;;Utfasningsämne;CMR (kategori 1A och 1B), Reproduktionsstörande; Särskilt farliga metaller (Hg, Cd, Pb), Cd; Särskilt farliga metaller (Hg, Cd, Pb), Pb; Miljöfarligt, långtidseffekter;;;
Lead alloy, base, Sn, dross;69011-60-5;273-701-4;Utfasningsämne;CMR (kategori 1A och 1B), Reproduktionsstörande; Särskilt farliga metaller (Hg, Cd, Pb), Pb; Miljöfarligt, långtidseffekter;;;;
Silvertacka;69011-54-7;;Utfasningsämne;CMR (kategori 1A och 1B), Reproduktionsstörande; Särskilt farliga metaller (Hg, Cd, Pb), Pb; Miljöfarligt, långtidseffekter;;;;
Triblykromatsilikat;69011-07-0;273-689-0;Utfasningsämne;CMR (kategori 1A och 1B), Reproduktionsstörande; Särskilt farliga metaller (Hg, Cd, Pb), Pb; Miljöfarligt, långtidseffekter;;;;
[1,2-benzendikarboxylato(2-)]dioxotribly;69011-06-9;273-688-5;Utfasningsämne;CMR (kategori 1A och 1B), Reproduktionsstörande; Särskilt farliga metaller (Hg, Cd, Pb), Pb; Miljöfarligt, långtidseffekter;;;;
Linseed oil, polymer with lead oxide(PbO) and tung oil;68990-75-0;;Utfasningsämne;CMR (kategori 1A och 1B), Reproduktionsstörande; Särskilt farliga metaller (Hg, Cd, Pb), Pb; Miljöfarligt, långtidseffekter;;;;
Gilsonite, linseed oil polymer, lead salt;68989-89-9;;Utfasningsämne;CMR (kategori 1A och 1B), Reproduktionsstörande; Särskilt farliga metaller (Hg, Cd, Pb), Pb; Miljöfarligt, långtidseffekter;;;;
Blybariumniobvismuttitanoxid;68987-33-7;;Utfasningsämne;CMR (kategori 1A och 1B), Reproduktionsstörande; Särskilt farliga metaller (Hg, Cd, Pb), Pb; Miljöfarligt, långtidseffekter;;;;
Gilsonit, polymer med cyklopentadien, dikyclopentadien, linolja och blyoxid;68956-49-0;;Utfasningsämne;CMR (kategori 1A och 1B), Reproduktionsstörande; Särskilt farliga metaller (Hg, Cd, Pb), Pb; Miljöfarligt, långtidseffekter;;;;
Lead, dross, bismuth-rich;69029-46-5;273-792-0;Utfasningsämne;CMR (kategori 1A och 1B), Reproduktionsstörande; Särskilt farliga metaller (Hg, Cd, Pb), Pb; Miljöfarligt, långtidseffekter;;;;
Lead, alkyls, manufg. wastes;70513-89-2;274-632-2;Utfasningsämne;CMR (kategori 1A och 1B), Reproduktionsstörande; Särskilt farliga metaller (Hg, Cd, Pb), Pb; Miljöfarligt, långtidseffekter;;;;
Bly;7439-92-1;231-100-4;Utfasningsämne;CMR (kategori 1A och 1B), Reproduktionsstörande; Särskilt farliga metaller (Hg, Cd, Pb), Pb; Miljöfarligt, långtidseffekter;;;;
Blystearat;7428-48-0;231-068-1;Utfasningsämne;CMR (kategori 1A och 1B), Reproduktionsstörande; Särskilt farliga metaller (Hg, Cd, Pb), Pb; Miljöfarligt, långtidseffekter;;;;
Blyoktanoat;7319-86-0;230-784-1;Utfasningsämne;CMR (kategori 1A och 1B), Reproduktionsstörande; Särskilt farliga metaller (Hg, Cd, Pb), Pb; Miljöfarligt, långtidseffekter;;;;
Bly-bis(nonylfenolat);72586-00-6;276-725-3;Utfasningsämne;CMR (kategori 1A och 1B), Reproduktionsstörande; Särskilt farliga metaller (Hg, Cd, Pb), Pb; Miljöfarligt, långtidseffekter;;;;
Bly(2+)-2-hydroxietansulfonat;72437-77-5;;Utfasningsämne;CMR (kategori 1A och 1B), Reproduktionsstörande; Särskilt farliga metaller (Hg, Cd, Pb), Pb; Miljöfarligt, långtidseffekter;;;;
Bariumzinksilikat, blydopad;71799-66-1;;Utfasningsämne;CMR (kategori 1A och 1B), Reproduktionsstörande; Särskilt farliga metaller (Hg, Cd, Pb), Pb; Miljöfarligt, långtidseffekter;;;;
Blyhydroxi(neodekanat-O);71753-04-3;275-988-1;Utfasningsämne;CMR (kategori 1A och 1B), Reproduktionsstörande; Särskilt farliga metaller (Hg, Cd, Pb), Pb; Miljöfarligt, långtidseffekter;;;;
Bly(2+)2-butendioat;71686-03-8;275-845-3;Utfasningsämne;CMR (kategori 1A och 1B), Reproduktionsstörande; Särskilt farliga metaller (Hg, Cd, Pb), Pb; Miljöfarligt, långtidseffekter;;;;
Bly(2+)neodekanat;71684-29-2;275-836-4;Utfasningsämne;CMR (kategori 1A och 1B), Reproduktionsstörande; Särskilt farliga metaller (Hg, Cd, Pb), Pb; Miljöfarligt, långtidseffekter;;;;
Bly(2+)isooktadekanoat;70727-02-5;274-822-5;Utfasningsämne;CMR (kategori 1A och 1B), Reproduktionsstörande; Särskilt farliga metaller (Hg, Cd, Pb), Pb; Miljöfarligt, långtidseffekter;;;;
Blyformiat;7056-83-9;230-336-5;Utfasningsämne;CMR (kategori 1A och 1B), Reproduktionsstörande; Särskilt farliga metaller (Hg, Cd, Pb), Pb; Miljöfarligt, långtidseffekter;;;;
Calcines, lead ore conc.;69029-74-9;273-815-4;Utfasningsämne;CMR (kategori 1A och 1B), Reproduktionsstörande; Särskilt farliga metaller (Hg, Cd, Pb), Pb; Miljöfarligt, långtidseffekter;;;;
Flue dust, lead blast furnace;70514-05-5;274-633-8;Utfasningsämne;CMR (kategori 1A och 1B), Reproduktionsstörande; Särskilt farliga metaller (Hg, Cd, Pb), Pb; Miljöfarligt, långtidseffekter;;;;
Bly(2+)-(Z)-2-butendioat, basisk;90268-66-9;290-869-4;Utfasningsämne;CMR (kategori 1A och 1B), Reproduktionsstörande; Särskilt farliga metaller (Hg, Cd, Pb), Pb; Miljöfarligt, långtidseffekter;;;;
Blydekanoatoktanoat komplex;70321-55-0;274-558-0;Utfasningsämne;CMR (kategori 1A och 1B), Reproduktionsstörande; Särskilt farliga metaller (Hg, Cd, Pb), Pb; Miljöfarligt, långtidseffekter;;;;
Bly(2+)-nitroresorcinolat;70268-38-1;274-521-9;Utfasningsämne;CMR (kategori 1A och 1B), Reproduktionsstörande; Särskilt farliga metaller (Hg, Cd, Pb), Pb; Miljöfarligt, långtidseffekter;;;;
Bly-(C6-19)-karboxylat, grenade, naftenat komplex;70084-67-2;274-302-8;Utfasningsämne;CMR (kategori 1A och 1B), Reproduktionsstörande; Särskilt farliga metaller (Hg, Cd, Pb), Pb; Miljöfarligt, långtidseffekter;;;;
Bis(acetyloxi)difenylbly;6928-68-3;230-052-1;Utfasningsämne;CMR (kategori 1A och 1B), Reproduktionsstörande; Särskilt farliga metaller (Hg, Cd, Pb), Pb; Miljöfarligt, långtidseffekter;;;;
Fatty acids, tallow, hydrogenated, mixed with acetic acid, coconut oil, decanoic acid and octanoic acid, calcium lead salts;69103-04-4;;Utfasningsämne;CMR (kategori 1A och 1B), Reproduktionsstörande; Särskilt farliga metaller (Hg, Cd, Pb), Pb; Miljöfarligt, långtidseffekter;;;;
Acetic acid, oleic acid, candelilla wax, tallow, calcium-lead complex salt;69103-03-3;;Utfasningsämne;CMR (kategori 1A och 1B), Reproduktionsstörande; Särskilt farliga metaller (Hg, Cd, Pb), Pb; Miljöfarligt, långtidseffekter;;;;
Slimes and Sludges, lead refining;69029-93-2;273-833-2;Utfasningsämne;CMR (kategori 1A och 1B), Reproduktionsstörande; Särskilt farliga metaller (Hg, Cd, Pb), Pb; Miljöfarligt, långtidseffekter;;;;
Tellurslagg;69029-86-3;273-828-5;Utfasningsämne;CMR (kategori 1A och 1B), Reproduktionsstörande; Särskilt farliga metaller (Hg, Cd, Pb), Pb; Miljöfarligt, långtidseffekter;;;;
Slagg av ädelmetaller vid blyraffinering;69029-85-2;273-826-4;Utfasningsämne;CMR (kategori 1A och 1B), Reproduktionsstörande; Särskilt farliga metaller (Hg, Cd, Pb), Pb; Miljöfarligt, långtidseffekter;;;;
Slagg vid blysmältning;69029-84-1;273-825-9;Utfasningsämne;CMR (kategori 1A och 1B), Reproduktionsstörande; Särskilt farliga metaller (Hg, Cd, Pb), Pb; Miljöfarligt, långtidseffekter;;;;
Residues, precious metal recovery lead refining;69029-80-7;273-822-2;Utfasningsämne;CMR (kategori 1A och 1B), Reproduktionsstörande; Särskilt farliga metaller (Hg, Cd, Pb), Pb; Miljöfarligt, långtidseffekter;;;;
Slimes and Sludges, lead sinter dust scrubber;70514-37-3;274-639-0;Utfasningsämne;CMR (kategori 1A och 1B), Reproduktionsstörande; Särskilt farliga metaller (Hg, Cd, Pb), Pb; Miljöfarligt, långtidseffekter;;;;
Bly-tetrakosanoat;93966-38-2;300-989-1;Utfasningsämne;CMR (kategori 1A och 1B), Reproduktionsstörande; Särskilt farliga metaller (Hg, Cd, Pb), Pb; Miljöfarligt, långtidseffekter;;;;
Speiss, lead-zinc;93821-72-8;298-759-8;Utfasningsämne;CMR (kategori 1A och 1B), Reproduktionsstörande; Särskilt farliga metaller (Hg, Cd, Pb), Pb; Miljöfarligt, långtidseffekter;;;;
2-etylhexanoatisodekanoatbly;94246-92-1;304-166-8;Utfasningsämne;CMR (kategori 1A och 1B), Reproduktionsstörande; Särskilt farliga metaller (Hg, Cd, Pb), Pb; Miljöfarligt, långtidseffekter;;;;
2-etylhexanoatisononanoatbly;94246-91-0;304-165-2;Utfasningsämne;CMR (kategori 1A och 1B), Reproduktionsstörande; Särskilt farliga metaller (Hg, Cd, Pb), Pb; Miljöfarligt, långtidseffekter;;;;
2-etylhexanoatisooktanoatbly;94246-90-9;304-164-7;Utfasningsämne;CMR (kategori 1A och 1B), Reproduktionsstörande; Särskilt farliga metaller (Hg, Cd, Pb), Pb; Miljöfarligt, långtidseffekter;;;;
Isodekanoatneodekanoatbly;94246-87-4;304-161-0;Utfasningsämne;CMR (kategori 1A och 1B), Reproduktionsstörande; Särskilt farliga metaller (Hg, Cd, Pb), Pb; Miljöfarligt, långtidseffekter;;;;
Isodekanoatisononanoatbly;94246-86-3;304-160-5;Utfasningsämne;CMR (kategori 1A och 1B), Reproduktionsstörande; Särskilt farliga metaller (Hg, Cd, Pb), Pb; Miljöfarligt, långtidseffekter;;;;
Isodekanoatisooktanoatbly;94246-85-2;304-158-4;Utfasningsämne;CMR (kategori 1A och 1B), Reproduktionsstörande; Särskilt farliga metaller (Hg, Cd, Pb), Pb; Miljöfarligt, långtidseffekter;;;;
Isononanoaisooktanoatbly;94246-84-1;304-157-9;Utfasningsämne;CMR (kategori 1A och 1B), Reproduktionsstörande; Särskilt farliga metaller (Hg, Cd, Pb), Pb; Miljöfarligt, långtidseffekter;;;;
Bly-diundek-10-enoat;94232-40-3;303-968-5;Utfasningsämne;CMR (kategori 1A och 1B), Reproduktionsstörande; Särskilt farliga metaller (Hg, Cd, Pb), Pb; Miljöfarligt, långtidseffekter;;;;
[mu-[[5,5'-azobis[1H-tetrazolato]](2-)]]dihydroxidibly;94015-57-3;301-376-1;Utfasningsämne;CMR (kategori 1A och 1B), Reproduktionsstörande; Särskilt farliga metaller (Hg, Cd, Pb), Pb; Miljöfarligt, långtidseffekter;;;;
Blyhexakosanoat;94006-20-9;301-357-8;Utfasningsämne;CMR (kategori 1A och 1B), Reproduktionsstörande; Särskilt farliga metaller (Hg, Cd, Pb), Pb; Miljöfarligt, långtidseffekter;;;;
Blydiikosanoat;94266-31-6;304-438-6;Utfasningsämne;CMR (kategori 1A och 1B), Reproduktionsstörande; Särskilt farliga metaller (Hg, Cd, Pb), Pb; Miljöfarligt, långtidseffekter;;;;
Blypentadekanoat;93966-74-6;301-027-3;Utfasningsämne;CMR (kategori 1A och 1B), Reproduktionsstörande; Särskilt farliga metaller (Hg, Cd, Pb), Pb; Miljöfarligt, långtidseffekter;;;;
Blyikosanoat;94266-32-7;304-439-1;Utfasningsämne;CMR (kategori 1A och 1B), Reproduktionsstörande; Särskilt farliga metaller (Hg, Cd, Pb), Pb; Miljöfarligt, långtidseffekter;;;;
Bly-bis(trikosanoat);93966-37-1;300-988-6;Utfasningsämne;CMR (kategori 1A och 1B), Reproduktionsstörande; Särskilt farliga metaller (Hg, Cd, Pb), Pb; Miljöfarligt, långtidseffekter;;;;
Bly-bis(isoundekanoat);93965-29-8;300-979-7;Utfasningsämne;CMR (kategori 1A och 1B), Reproduktionsstörande; Särskilt farliga metaller (Hg, Cd, Pb), Pb; Miljöfarligt, långtidseffekter;;;;
Phosphoric acid, mixed Bu and hexyl diesters, lead(2+) salts;93925-27-0;300-328-7;Utfasningsämne;CMR (kategori 1A och 1B), Reproduktionsstörande; Särskilt farliga metaller (Hg, Cd, Pb), Pb; Miljöfarligt, långtidseffekter;;;;
Neononanoatneoundekanoatbly;93894-64-5;299-764-8;Utfasningsämne;CMR (kategori 1A och 1B), Reproduktionsstörande; Särskilt farliga metaller (Hg, Cd, Pb), Pb; Miljöfarligt, långtidseffekter;;;;
Bly-bis(neoundekanoat);93894-49-6;299-748-0;Utfasningsämne;CMR (kategori 1A och 1B), Reproduktionsstörande; Särskilt farliga metaller (Hg, Cd, Pb), Pb; Miljöfarligt, långtidseffekter;;;;
Bly-bis(neononanoat);93894-48-5;299-747-5;Utfasningsämne;CMR (kategori 1A och 1B), Reproduktionsstörande; Särskilt farliga metaller (Hg, Cd, Pb), Pb; Miljöfarligt, långtidseffekter;;;;
Bly(2+)-etylfenylditiokarbamat;93892-65-0;299-550-4;Utfasningsämne;CMR (kategori 1A och 1B), Reproduktionsstörande; Särskilt farliga metaller (Hg, Cd, Pb), Pb; Miljöfarligt, långtidseffekter;;;;
Bly-bis((Z)-hexadek-9-enoat);93858-24-3;299-256-6;Utfasningsämne;CMR (kategori 1A och 1B), Reproduktionsstörande; Särskilt farliga metaller (Hg, Cd, Pb), Pb; Miljöfarligt, långtidseffekter;;;;
Bly-4,4'-(1-metyletyliden)bisfenolat;93858-23-2;299-255-0;Utfasningsämne;CMR (kategori 1A och 1B), Reproduktionsstörande; Särskilt farliga metaller (Hg, Cd, Pb), Pb; Miljöfarligt, långtidseffekter;;;;
Bly-bis(2-etyl-1-hexanolat);93840-04-1;298-879-0;Utfasningsämne;CMR (kategori 1A och 1B), Reproduktionsstörande; Särskilt farliga metaller (Hg, Cd, Pb), Pb; Miljöfarligt, långtidseffekter;;;;
Bly-1,2-Benzendikarboxylat, basisk;90193-83-2;290-588-7;Utfasningsämne;CMR (kategori 1A och 1B), Reproduktionsstörande; Särskilt farliga metaller (Hg, Cd, Pb), Pb; Miljöfarligt, långtidseffekter;;;;
Bly-bis(isooktanoat);93981-67-0;301-153-9;Utfasningsämne;CMR (kategori 1A och 1B), Reproduktionsstörande; Särskilt farliga metaller (Hg, Cd, Pb), Pb; Miljöfarligt, långtidseffekter;;;;
Waste solids, lead silver anode;94552-05-3;305-449-9;Utfasningsämne;CMR (kategori 1A och 1B), Reproduktionsstörande; Särskilt farliga metaller (Hg, Cd, Pb), Pb; Miljöfarligt, långtidseffekter;;;;
Diblydihydroxikromat;12017-86-6;234-628-3;Utfasningsämne;CMR (kategori 1A och 1B), Reproduktionsstörande; Särskilt farliga metaller (Hg, Cd, Pb), Pb; Miljöfarligt, långtidseffekter;;;;
Perklorsyra, reaktionsprodukt med blyoxid (PbO) och trietanolamin;99749-31-2;309-027-5;Utfasningsämne;CMR (kategori 1A och 1B), Reproduktionsstörande; Särskilt farliga metaller (Hg, Cd, Pb), Pb; Miljöfarligt, långtidseffekter;;;;
Bariumsulfat, blydopad;99328-54-8;308-972-0;Utfasningsämne;CMR (kategori 1A och 1B), Reproduktionsstörande; Särskilt farliga metaller (Hg, Cd, Pb), Pb; Miljöfarligt, långtidseffekter;;;;
Speiss, lead, nickel-contg.;98246-91-4;308-765-5;Utfasningsämne;CMR (kategori 1A och 1B), Reproduktionsstörande; Särskilt farliga metaller (Hg, Cd, Pb), Pb; Miljöfarligt, långtidseffekter;;;;
Bly(2+)nitrat reaktionsprodukt med natriumtennoxid;97953-08-7;308-406-2;Utfasningsämne;CMR (kategori 1A och 1B), Reproduktionsstörande; Särskilt farliga metaller (Hg, Cd, Pb), Pb; Miljöfarligt, långtidseffekter;;;;
Bly-7-metyloktanoat;97952-39-1;308-331-5;Utfasningsämne;CMR (kategori 1A och 1B), Reproduktionsstörande; Särskilt farliga metaller (Hg, Cd, Pb), Pb; Miljöfarligt, långtidseffekter;;;;
Blyfluoridhydroxid;97889-90-2;308-169-5;Utfasningsämne;CMR (kategori 1A och 1B), Reproduktionsstörande; Särskilt farliga metaller (Hg, Cd, Pb), Pb; Miljöfarligt, långtidseffekter;;;;
Blytacka;97808-88-3;308-011-5;Utfasningsämne;CMR (kategori 1A och 1B), Reproduktionsstörande; Särskilt farliga metaller (Hg, Cd, Pb), Pb; Miljöfarligt, långtidseffekter;;;;
Magnetoplumbite, barium titanium zinc brown;97675-41-7;307-613-5;Utfasningsämne;CMR (kategori 1A och 1B), Reproduktionsstörande; Särskilt farliga metaller (Hg, Cd, Pb), Pb; Miljöfarligt, långtidseffekter;;;;
Ferrite substances, magnetoplumbite-type, barium-cobalt-titanium;97488-85-2;307-023-8;Utfasningsämne;CMR (kategori 1A och 1B), Reproduktionsstörande; Särskilt farliga metaller (Hg, Cd, Pb), Pb; Miljöfarligt, långtidseffekter;;;;
Slimes and Sludges, lead acetate manuf.;96690-46-9;306-241-0;Utfasningsämne;CMR (kategori 1A och 1B), Reproduktionsstörande; Särskilt farliga metaller (Hg, Cd, Pb), Pb; Miljöfarligt, långtidseffekter;;;;
2-etylhexanoatneodekanoatbly;94246-93-2;304-167-3;Utfasningsämne;CMR (kategori 1A och 1B), Reproduktionsstörande; Särskilt farliga metaller (Hg, Cd, Pb), Pb; Miljöfarligt, långtidseffekter;;;;
Bly-bis(isohexadekanoat);95892-13-0;306-073-8;Utfasningsämne;CMR (kategori 1A och 1B), Reproduktionsstörande; Särskilt farliga metaller (Hg, Cd, Pb), Pb; Miljöfarligt, långtidseffekter;;;;
Slimes and Sludges, lead-zinc blast furnace, offgas wet cleaning;93821-70-6;298-758-2;Utfasningsämne;CMR (kategori 1A och 1B), Reproduktionsstörande; Särskilt farliga metaller (Hg, Cd, Pb), Pb; Miljöfarligt, långtidseffekter;;;;
Wastes, lead battery reprocessing;94551-99-2;305-445-7;Utfasningsämne;CMR (kategori 1A och 1B), Reproduktionsstörande; Särskilt farliga metaller (Hg, Cd, Pb), Pb; Miljöfarligt, långtidseffekter;;;;
Residues, lead-zinc smelting wastewater treatment;94551-79-8;305-425-8;Utfasningsämne;CMR (kategori 1A och 1B), Reproduktionsstörande; Särskilt farliga metaller (Hg, Cd, Pb), Pb; Miljöfarligt, långtidseffekter;;;;
Residues, lead smelting wastewater treatment;94551-78-7;305-424-2;Utfasningsämne;CMR (kategori 1A och 1B), Reproduktionsstörande; Särskilt farliga metaller (Hg, Cd, Pb), Pb; Miljöfarligt, långtidseffekter;;;;
Skärsten, bly-koppar;94551-74-3;305-422-1;Utfasningsämne;CMR (kategori 1A och 1B), Reproduktionsstörande; Särskilt farliga metaller (Hg, Cd, Pb), Pb; Miljöfarligt, långtidseffekter;;;;
Bly-kopparinnehållande urlakningsåterstod;94551-72-1;305-420-0;Utfasningsämne;CMR (kategori 1A och 1B), Reproduktionsstörande; Särskilt farliga metaller (Hg, Cd, Pb), Pb; Miljöfarligt, långtidseffekter;;;;
blyinnehållande rökgaser;94551-66-3;305-414-8;Utfasningsämne;CMR (kategori 1A och 1B), Reproduktionsstörande; Särskilt farliga metaller (Hg, Cd, Pb), Pb; Miljöfarligt, långtidseffekter;;;;
Calcines, lead-zinc ore conc.;94551-62-9;305-411-1;Utfasningsämne;CMR (kategori 1A och 1B), Reproduktionsstörande; Särskilt farliga metaller (Hg, Cd, Pb), Pb; Miljöfarligt, långtidseffekter;;;;
Bly och zink slagg;94551-60-7;305-409-0;Utfasningsämne;CMR (kategori 1A och 1B), Reproduktionsstörande; Särskilt farliga metaller (Hg, Cd, Pb), Pb; Miljöfarligt, långtidseffekter;;;;
Isononanoatneodekanoatbly;94481-58-0;305-385-1;Utfasningsämne;CMR (kategori 1A och 1B), Reproduktionsstörande; Särskilt farliga metaller (Hg, Cd, Pb), Pb; Miljöfarligt, långtidseffekter;;;;
Poplar, Populus gileadensis, ext.;94350-03-5;305-221-9;Utfasningsämne;CMR (kategori 1A och 1B), Reproduktionsstörande; Särskilt farliga metaller (Hg, Cd, Pb), Pb; Miljöfarligt, långtidseffekter;;;;
Fettsyror, talg, reaktionsprodukt med blyoxid;94349-78-7;305-196-4;Utfasningsämne;CMR (kategori 1A och 1B), Reproduktionsstörande; Särskilt farliga metaller (Hg, Cd, Pb), Pb; Miljöfarligt, långtidseffekter;;;;
Lead, di-.mu.-hydroxy(2-methyl-4,6-dinitrophenolato-O1)(nitrato-O)di-;96471-22-6;;Utfasningsämne;CMR (kategori 1A och 1B), Reproduktionsstörande; Särskilt farliga metaller (Hg, Cd, Pb), Pb; Miljöfarligt, långtidseffekter;;;;
 2-etylhexanoatisononanoatbly komplex, basisk;90431-31-5;291-553-9;Utfasningsämne;CMR (kategori 1A och 1B), Reproduktionsstörande; Särskilt farliga metaller (Hg, Cd, Pb), Pb; Miljöfarligt, långtidseffekter;;;;
Bly-3-(acetyloxi)-1,2-benzendikarboxylat;93839-98-6;298-872-2;Utfasningsämne;CMR (kategori 1A och 1B), Reproduktionsstörande; Särskilt farliga metaller (Hg, Cd, Pb), Pb; Miljöfarligt, långtidseffekter;;;;
Blynaftenatneodekanoat komplex;90431-43-9;291-567-5;Utfasningsämne;CMR (kategori 1A och 1B), Reproduktionsstörande; Särskilt farliga metaller (Hg, Cd, Pb), Pb; Miljöfarligt, långtidseffekter;;;;
Blyisooktanoatnaftenat komplex, basisk;90431-42-8;291-565-4;Utfasningsämne;CMR (kategori 1A och 1B), Reproduktionsstörande; Särskilt farliga metaller (Hg, Cd, Pb), Pb; Miljöfarligt, långtidseffekter;;;;
Blyisononanoatneodekanoat komplex, basisk;90431-41-7;291-564-9;Utfasningsämne;CMR (kategori 1A och 1B), Reproduktionsstörande; Särskilt farliga metaller (Hg, Cd, Pb), Pb; Miljöfarligt, långtidseffekter;;;;
Blyisononanoatnapftenat komplex, basisk;90431-40-6;291-563-3;Utfasningsämne;CMR (kategori 1A och 1B), Reproduktionsstörande; Särskilt farliga metaller (Hg, Cd, Pb), Pb; Miljöfarligt, långtidseffekter;;;;
Blyisodekanoatneodekanoat komplex, basisk;90431-39-3;291-562-8;Utfasningsämne;CMR (kategori 1A och 1B), Reproduktionsstörande; Särskilt farliga metaller (Hg, Cd, Pb), Pb; Miljöfarligt, långtidseffekter;;;;
Blyisodekanoatnaftenat komplex;90431-38-2;291-561-2;Utfasningsämne;CMR (kategori 1A och 1B), Reproduktionsstörande; Särskilt farliga metaller (Hg, Cd, Pb), Pb; Miljöfarligt, långtidseffekter;;;;
Blyisodekanoatisooktanoat komplex, basisk;90431-37-1;291-560-7;Utfasningsämne;CMR (kategori 1A och 1B), Reproduktionsstörande; Särskilt farliga metaller (Hg, Cd, Pb), Pb; Miljöfarligt, långtidseffekter;;;;
Blyisodekanoatisononanoat komplex, basisk;90431-36-0;291-559-1;Utfasningsämne;CMR (kategori 1A och 1B), Reproduktionsstörande; Särskilt farliga metaller (Hg, Cd, Pb), Pb; Miljöfarligt, långtidseffekter;;;;
Bly-2-etylhexanoatneodekanoat komplex, basisk;90431-35-9;291-558-6;Utfasningsämne;CMR (kategori 1A och 1B), Reproduktionsstörande; Särskilt farliga metaller (Hg, Cd, Pb), Pb; Miljöfarligt, långtidseffekter;;;;
Bly-2-etylhexanoatnaftenat komplex, basisk;90431-34-8;291-557-0;Utfasningsämne;CMR (kategori 1A och 1B), Reproduktionsstörande; Särskilt farliga metaller (Hg, Cd, Pb), Pb; Miljöfarligt, långtidseffekter;;;;
Blyneodekanat, basisk;90459-25-9;291-667-9;Utfasningsämne;CMR (kategori 1A och 1B), Reproduktionsstörande; Särskilt farliga metaller (Hg, Cd, Pb), Pb; Miljöfarligt, långtidseffekter;;;;
Bly-2-etylhexanoatisooktanoat komplex;90431-32-6;291-554-4;Utfasningsämne;CMR (kategori 1A och 1B), Reproduktionsstörande; Särskilt farliga metaller (Hg, Cd, Pb), Pb; Miljöfarligt, långtidseffekter;;;;
Bly-neononanoat, basisk;90459-26-0;291-668-4;Utfasningsämne;CMR (kategori 1A och 1B), Reproduktionsstörande; Särskilt farliga metaller (Hg, Cd, Pb), Pb; Miljöfarligt, långtidseffekter;;;;
Bly-2-ethylhexanoatisodekanoat komplex, basisk;90431-30-4;291-552-3;Utfasningsämne;CMR (kategori 1A och 1B), Reproduktionsstörande; Särskilt farliga metaller (Hg, Cd, Pb), Pb; Miljöfarligt, långtidseffekter;;;;
Lead, C8-10-branched fatty acids C9-11-neofatty acids naphthenate complexes;90431-28-0;291-551-8;Utfasningsämne;CMR (kategori 1A och 1B), Reproduktionsstörande; Särskilt farliga metaller (Hg, Cd, Pb), Pb; Miljöfarligt, långtidseffekter;;;;
Lead, C8-10-branched fatty acids C9-11-neofatty acids naphthenate complexes, overbased;90431-27-9;291-550-2;Utfasningsämne;CMR (kategori 1A och 1B), Reproduktionsstörande; Särskilt farliga metaller (Hg, Cd, Pb), Pb; Miljöfarligt, långtidseffekter;;;;
Bly-iso-oktanoat, basisk;90431-26-8;291-549-7;Utfasningsämne;CMR (kategori 1A och 1B), Reproduktionsstörande; Särskilt farliga metaller (Hg, Cd, Pb), Pb; Miljöfarligt, långtidseffekter;;;;
Bly-isononanoat, basisk;90431-21-3;291-543-4;Utfasningsämne;CMR (kategori 1A och 1B), Reproduktionsstörande; Särskilt farliga metaller (Hg, Cd, Pb), Pb; Miljöfarligt, långtidseffekter;;;;
Bly-isodekanoat, basisk;90431-14-4;291-536-6;Utfasningsämne;CMR (kategori 1A och 1B), Reproduktionsstörande; Särskilt farliga metaller (Hg, Cd, Pb), Pb; Miljöfarligt, långtidseffekter;;;;
Bly(2+)-(Z)-9-Hexadecenoat, basisk;90388-15-1;291-395-0;Utfasningsämne;CMR (kategori 1A och 1B), Reproduktionsstörande; Särskilt farliga metaller (Hg, Cd, Pb), Pb; Miljöfarligt, långtidseffekter;;;;
Blydipalmitat, basisk;90388-10-6;291-389-8;Utfasningsämne;CMR (kategori 1A och 1B), Reproduktionsstörande; Särskilt farliga metaller (Hg, Cd, Pb), Pb; Miljöfarligt, långtidseffekter;;;;
Blypalmitat, basisk;90388-09-3;291-388-2;Utfasningsämne;CMR (kategori 1A och 1B), Reproduktionsstörande; Särskilt farliga metaller (Hg, Cd, Pb), Pb; Miljöfarligt, långtidseffekter;;;;
Blylaurat, basisk;90342-56-6;291-195-3;Utfasningsämne;CMR (kategori 1A och 1B), Reproduktionsstörande; Särskilt farliga metaller (Hg, Cd, Pb), Pb; Miljöfarligt, långtidseffekter;;;;
Blydekanoat, grenad;90342-24-8;291-160-2;Utfasningsämne;CMR (kategori 1A och 1B), Reproduktionsstörande; Särskilt farliga metaller (Hg, Cd, Pb), Pb; Miljöfarligt, långtidseffekter;;;;
Bly-2-etylhexanoatnaftenat komplex;90431-33-7;291-556-5;Utfasningsämne;CMR (kategori 1A och 1B), Reproduktionsstörande; Särskilt farliga metaller (Hg, Cd, Pb), Pb; Miljöfarligt, långtidseffekter;;;;
Bly-(C16-18)-karboxylat;91031-62-8;292-966-7;Utfasningsämne;CMR (kategori 1A och 1B), Reproduktionsstörande; Särskilt farliga metaller (Hg, Cd, Pb), Pb; Miljöfarligt, långtidseffekter;;;;
Flue gases, lead-zinc blast furnace;93821-47-7;298-735-7;Utfasningsämne;CMR (kategori 1A och 1B), Reproduktionsstörande; Särskilt farliga metaller (Hg, Cd, Pb), Pb; Miljöfarligt, långtidseffekter;;;;
Slagg vid blyzinksmältning;93763-87-2;297-907-9;Utfasningsämne;CMR (kategori 1A och 1B), Reproduktionsstörande; Särskilt farliga metaller (Hg, Cd, Pb), Pb; Miljöfarligt, långtidseffekter;;;;
Bly-(C14-26)-karboxylat;93165-26-5;296-911-8;Utfasningsämne;CMR (kategori 1A och 1B), Reproduktionsstörande; Särskilt farliga metaller (Hg, Cd, Pb), Pb; Miljöfarligt, långtidseffekter;;;;
Bly-(C4-10)-karboxylatoktanoat komplex;92200-92-5;295-918-3;Utfasningsämne;CMR (kategori 1A och 1B), Reproduktionsstörande; Särskilt farliga metaller (Hg, Cd, Pb), Pb; Miljöfarligt, långtidseffekter;;;;
Blynaftenat, basisk;92045-67-5;295-449-4;Utfasningsämne;CMR (kategori 1A och 1B), Reproduktionsstörande; Särskilt farliga metaller (Hg, Cd, Pb), Pb; Miljöfarligt, långtidseffekter;;;;
Fatty acids, coco, lead salts;92044-89-8;295-368-4;Utfasningsämne;CMR (kategori 1A och 1B), Reproduktionsstörande; Särskilt farliga metaller (Hg, Cd, Pb), Pb; Miljöfarligt, långtidseffekter;;;;
Ditiofosforsyra,  O,O-bis(Bu and pentyl) ester mix, bly(2+) salt;91783-10-7;295-087-7;Utfasningsämne;CMR (kategori 1A och 1B), Reproduktionsstörande; Särskilt farliga metaller (Hg, Cd, Pb), Pb; Miljöfarligt, långtidseffekter;;;;
Fettsyror, ricinolja, hydrerad, blysalt;91697-36-8;294-297-6;Utfasningsämne;CMR (kategori 1A och 1B), Reproduktionsstörande; Särskilt farliga metaller (Hg, Cd, Pb), Pb; Miljöfarligt, långtidseffekter;;;;
Bly(2+)isoundekanoat, basisk;91671-84-0;293-986-9;Utfasningsämne;CMR (kategori 1A och 1B), Reproduktionsstörande; Särskilt farliga metaller (Hg, Cd, Pb), Pb; Miljöfarligt, långtidseffekter;;;;
Bly(2+)Isooktanoat, basisk;91671-83-9;293-985-3;Utfasningsämne;CMR (kategori 1A och 1B), Reproduktionsstörande; Särskilt farliga metaller (Hg, Cd, Pb), Pb; Miljöfarligt, långtidseffekter;;;;
Bly(2+)isodekanoat, basisk;91671-82-8;293-984-8;Utfasningsämne;CMR (kategori 1A och 1B), Reproduktionsstörande; Särskilt farliga metaller (Hg, Cd, Pb), Pb; Miljöfarligt, långtidseffekter;;;;
Blyneononanoatneoundekanoat komplex, basisk;90431-44-0;291-568-0;Utfasningsämne;CMR (kategori 1A och 1B), Reproduktionsstörande; Särskilt farliga metaller (Hg, Cd, Pb), Pb; Miljöfarligt, långtidseffekter;;;;
Leach residues, zinc ore, lead-contg.;91053-49-5;293-314-4;Utfasningsämne;CMR (kategori 1A och 1B), Reproduktionsstörande; Särskilt farliga metaller (Hg, Cd, Pb), Pb; Miljöfarligt, långtidseffekter;;;;
Bly-(C8-12)-karboxylat;84776-53-4;283-980-4;Utfasningsämne;CMR (kategori 1A och 1B), Reproduktionsstörande; Särskilt farliga metaller (Hg, Cd, Pb), Pb; Miljöfarligt, långtidseffekter;;;;
Fatty acids, C8-10, lead salts;91031-61-7;292-965-1;Utfasningsämne;CMR (kategori 1A och 1B), Reproduktionsstörande; Särskilt farliga metaller (Hg, Cd, Pb), Pb; Miljöfarligt, långtidseffekter;;;;
Bly-(C8-9)-karboxylat;91031-60-6;292-964-6;Utfasningsämne;CMR (kategori 1A och 1B), Reproduktionsstörande; Särskilt farliga metaller (Hg, Cd, Pb), Pb; Miljöfarligt, långtidseffekter;;;;
Bly-(C6-19)-karboxylat, grenade;91002-20-9;292-897-2;Utfasningsämne;CMR (kategori 1A och 1B), Reproduktionsstörande; Särskilt farliga metaller (Hg, Cd, Pb), Pb; Miljöfarligt, långtidseffekter;;;;
Blytetradekanoat, basisk;90583-65-6;292-267-7;Utfasningsämne;CMR (kategori 1A och 1B), Reproduktionsstörande; Särskilt farliga metaller (Hg, Cd, Pb), Pb; Miljöfarligt, långtidseffekter;;;;
Bly(2+)sulfit, basisk;90583-37-2;292-237-3;Utfasningsämne;CMR (kategori 1A och 1B), Reproduktionsstörande; Särskilt farliga metaller (Hg, Cd, Pb), Pb; Miljöfarligt, långtidseffekter;;;;
Bly(2+)sulfat, basisk;90583-07-6;292-204-3;Utfasningsämne;CMR (kategori 1A och 1B), Reproduktionsstörande; Särskilt farliga metaller (Hg, Cd, Pb), Pb; Miljöfarligt, långtidseffekter;;;;
2-Metyl-2-propenoat, basisk;90552-19-5;292-141-1;Utfasningsämne;CMR (kategori 1A och 1B), Reproduktionsstörande; Särskilt farliga metaller (Hg, Cd, Pb), Pb; Miljöfarligt, långtidseffekter;;;;
Bly-oleat, basisk;90459-88-4;291-735-8;Utfasningsämne;CMR (kategori 1A och 1B), Reproduktionsstörande; Särskilt farliga metaller (Hg, Cd, Pb), Pb; Miljöfarligt, långtidseffekter;;;;
Blydioktadekanoat, basisk;90459-52-2;291-696-7;Utfasningsämne;CMR (kategori 1A och 1B), Reproduktionsstörande; Särskilt farliga metaller (Hg, Cd, Pb), Pb; Miljöfarligt, långtidseffekter;;;;
Bly-oktadekanoat, basisk;90459-51-1;291-695-1;Utfasningsämne;CMR (kategori 1A och 1B), Reproduktionsstörande; Särskilt farliga metaller (Hg, Cd, Pb), Pb; Miljöfarligt, långtidseffekter;;;;
Blyneoundekanoat, basisk;90459-28-2;291-671-0;Utfasningsämne;CMR (kategori 1A och 1B), Reproduktionsstörande; Särskilt farliga metaller (Hg, Cd, Pb), Pb; Miljöfarligt, långtidseffekter;;;;
Bly(2+)naftenat;91078-81-8;293-365-2;Utfasningsämne;CMR (kategori 1A och 1B), Reproduktionsstörande; Särskilt farliga metaller (Hg, Cd, Pb), Pb; Miljöfarligt, långtidseffekter;;;;
Blydidekanoat;15773-52-1;239-867-7;Utfasningsämne;CMR (kategori 1A och 1B), Reproduktionsstörande; Särskilt farliga metaller (Hg, Cd, Pb), Pb; Miljöfarligt, långtidseffekter;;;;
Blyneodekanat;27253-28-7;248-369-9;Utfasningsämne;CMR (kategori 1A och 1B), Reproduktionsstörande; Särskilt farliga metaller (Hg, Cd, Pb), Pb; Miljöfarligt, långtidseffekter;;;;
Bly-2-etylhexanoat;16996-40-0;241-076-7;Utfasningsämne;CMR (kategori 1A och 1B), Reproduktionsstörande; Särskilt farliga metaller (Hg, Cd, Pb), Pb; Miljöfarligt, långtidseffekter;;;;
Diantimonblytetraoxid;16450-50-3;240-499-4;Utfasningsämne;CMR (kategori 1A och 1B), Reproduktionsstörande; Särskilt farliga metaller (Hg, Cd, Pb), Pb; Miljöfarligt, långtidseffekter;;;;
Blyftalat;16183-12-3;240-321-5;Utfasningsämne;CMR (kategori 1A och 1B), Reproduktionsstörande; Särskilt farliga metaller (Hg, Cd, Pb), Pb; Miljöfarligt, långtidseffekter;;;;
Blyfosfit;16038-76-9;240-176-8;Utfasningsämne;CMR (kategori 1A och 1B), Reproduktionsstörande; Särskilt farliga metaller (Hg, Cd, Pb), Pb; Miljöfarligt, långtidseffekter;;;;
Blybenzoat;15907-04-7;240-049-7;Utfasningsämne;CMR (kategori 1A och 1B), Reproduktionsstörande; Särskilt farliga metaller (Hg, Cd, Pb), Pb; Miljöfarligt, långtidseffekter;;;;
Blysilikat;15906-71-5;240-047-6;Utfasningsämne;CMR (kategori 1A och 1B), Reproduktionsstörande; Särskilt farliga metaller (Hg, Cd, Pb), Pb; Miljöfarligt, långtidseffekter;;;;
Blytellurtrioxid;15851-47-5;239-964-4;Utfasningsämne;CMR (kategori 1A och 1B), Reproduktionsstörande; Särskilt farliga metaller (Hg, Cd, Pb), Pb; Miljöfarligt, långtidseffekter;;;;
Blyväteortofosfat;15845-52-0;239-952-9;Utfasningsämne;CMR (kategori 1A och 1B), Reproduktionsstörande; Särskilt farliga metaller (Hg, Cd, Pb), Pb; Miljöfarligt, långtidseffekter;;;;
Bly-2',4',5',7'-tetrabromo-1,3-dihyroxibenzen;15843-27-3;;Utfasningsämne;CMR (kategori 1A och 1B), Reproduktionsstörande; Särskilt farliga metaller (Hg, Cd, Pb), Pb; Miljöfarligt, långtidseffekter;;;;
Blydipalmitat;15773-56-5;239-870-3;Utfasningsämne;CMR (kategori 1A och 1B), Reproduktionsstörande; Särskilt farliga metaller (Hg, Cd, Pb), Pb; Miljöfarligt, långtidseffekter;;;;
Blymaleat;17406-54-1;241-430-0;Utfasningsämne;CMR (kategori 1A och 1B), Reproduktionsstörande; Särskilt farliga metaller (Hg, Cd, Pb), Pb; Miljöfarligt, långtidseffekter;;;;
Blydihexanoat;15773-53-2;239-868-2;Utfasningsämne;CMR (kategori 1A och 1B), Reproduktionsstörande; Särskilt farliga metaller (Hg, Cd, Pb), Pb; Miljöfarligt, långtidseffekter;;;;
Bly-bis(dietylditiokarbamat);17549-30-3;241-534-6;Utfasningsämne;CMR (kategori 1A och 1B), Reproduktionsstörande; Särskilt farliga metaller (Hg, Cd, Pb), Pb; Miljöfarligt, långtidseffekter;;;;
Blydidisalicylat;15748-73-9;239-839-4;Utfasningsämne;CMR (kategori 1A och 1B), Reproduktionsstörande; Särskilt farliga metaller (Hg, Cd, Pb), Pb; Miljöfarligt, långtidseffekter;;;;
Blysulfat;15739-80-7;239-831-0;Utfasningsämne;CMR (kategori 1A och 1B), Reproduktionsstörande; Särskilt farliga metaller (Hg, Cd, Pb), Pb; Miljöfarligt, långtidseffekter;;;;
Blyoktoat;15696-43-2;239-790-9;Utfasningsämne;CMR (kategori 1A och 1B), Reproduktionsstörande; Särskilt farliga metaller (Hg, Cd, Pb), Pb; Miljöfarligt, långtidseffekter;;;;
Blyacetat;15347-57-6;239-379-4;Utfasningsämne;CMR (kategori 1A och 1B), Reproduktionsstörande; Särskilt farliga metaller (Hg, Cd, Pb), Pb; Miljöfarligt, långtidseffekter;;;;
Blyoleat;15347-55-4;239-378-9;Utfasningsämne;CMR (kategori 1A och 1B), Reproduktionsstörande; Särskilt farliga metaller (Hg, Cd, Pb), Pb; Miljöfarligt, långtidseffekter;;;;
Laurinsyra, bly salt;15306-30-6;239-344-3;Utfasningsämne;CMR (kategori 1A och 1B), Reproduktionsstörande; Särskilt farliga metaller (Hg, Cd, Pb), Pb; Miljöfarligt, långtidseffekter;;;;
Bly-bis(2,4-pentandionat);15282-88-9;239-323-9;Utfasningsämne;CMR (kategori 1A och 1B), Reproduktionsstörande; Särskilt farliga metaller (Hg, Cd, Pb), Pb; Miljöfarligt, långtidseffekter;;;;
Klortrimetylbly;1520-78-1;216-187-9;Utfasningsämne;CMR (kategori 1A och 1B), Reproduktionsstörande; Särskilt farliga metaller (Hg, Cd, Pb), Pb; Miljöfarligt, långtidseffekter;;;;
Blyftalocyanin;15187-16-3;;Utfasningsämne;CMR (kategori 1A och 1B), Reproduktionsstörande; Särskilt farliga metaller (Hg, Cd, Pb), Pb; Miljöfarligt, långtidseffekter;;;;
Blymetaborat;14720-53-7;238-762-3;Utfasningsämne;CMR (kategori 1A och 1B), Reproduktionsstörande; Särskilt farliga metaller (Hg, Cd, Pb), Pb; Miljöfarligt, långtidseffekter;;;;
Blyakrylat;14466-01-4;238-458-0;Utfasningsämne;CMR (kategori 1A och 1B), Reproduktionsstörande; Särskilt farliga metaller (Hg, Cd, Pb), Pb; Miljöfarligt, långtidseffekter;;;;
Blydilaurat;15773-55-4;239-869-8;Utfasningsämne;CMR (kategori 1A och 1B), Reproduktionsstörande; Särskilt farliga metaller (Hg, Cd, Pb), Pb; Miljöfarligt, långtidseffekter;;;;
Blymyristat;20403-41-2;243-788-3;Utfasningsämne;CMR (kategori 1A och 1B), Reproduktionsstörande; Särskilt farliga metaller (Hg, Cd, Pb), Pb; Miljöfarligt, långtidseffekter;;;;
Blytiosulfat;26265-65-6;247-566-7;Utfasningsämne;CMR (kategori 1A och 1B), Reproduktionsstörande; Särskilt farliga metaller (Hg, Cd, Pb), Pb; Miljöfarligt, långtidseffekter;;;;
(Acetyloxi)tributylbly;2587-82-8;219-970-3;Utfasningsämne;CMR (kategori 1A och 1B), Reproduktionsstörande; Särskilt farliga metaller (Hg, Cd, Pb), Pb; Miljöfarligt, långtidseffekter;;;;
Blydijodat;25659-31-8;247-168-3;Utfasningsämne;CMR (kategori 1A och 1B), Reproduktionsstörande; Särskilt farliga metaller (Hg, Cd, Pb), Pb; Miljöfarligt, långtidseffekter;;;;
Blykarbonat;25510-11-6;247-054-3;Utfasningsämne;CMR (kategori 1A och 1B), Reproduktionsstörande; Särskilt farliga metaller (Hg, Cd, Pb), Pb; Miljöfarligt, långtidseffekter;;;;
Hexaetyldibly;2388-00-3;219-216-3;Utfasningsämne;CMR (kategori 1A och 1B), Reproduktionsstörande; Särskilt farliga metaller (Hg, Cd, Pb), Pb; Miljöfarligt, långtidseffekter;;;;
Bly-3,5,5-trimetylhexanoat;23621-79-6;245-788-9;Utfasningsämne;CMR (kategori 1A och 1B), Reproduktionsstörande; Särskilt farliga metaller (Hg, Cd, Pb), Pb; Miljöfarligt, långtidseffekter;;;;
Dinatriumbly-N,N'-etylenbis[N-(karboxilatmetyl)aminoacetat];22904-40-1;245-314-0;Utfasningsämne;CMR (kategori 1A och 1B), Reproduktionsstörande; Särskilt farliga metaller (Hg, Cd, Pb), Pb; Miljöfarligt, långtidseffekter;;;;
Blysilikat;22569-74-0;245-090-4;Utfasningsämne;CMR (kategori 1A och 1B), Reproduktionsstörande; Särskilt farliga metaller (Hg, Cd, Pb), Pb; Miljöfarligt, långtidseffekter;;;;
Difenylblydiklorid;2117-69-3;218-325-3;Utfasningsämne;CMR (kategori 1A och 1B), Reproduktionsstörande; Särskilt farliga metaller (Hg, Cd, Pb), Pb; Miljöfarligt, långtidseffekter;;;;
Bly-2,4-dihydroxibenzoat;20936-32-7;244-118-2;Utfasningsämne;CMR (kategori 1A och 1B), Reproduktionsstörande; Särskilt farliga metaller (Hg, Cd, Pb), Pb; Miljöfarligt, långtidseffekter;;;;
Blycyanamidat;20890-10-2;244-099-0;Utfasningsämne;CMR (kategori 1A och 1B), Reproduktionsstörande; Särskilt farliga metaller (Hg, Cd, Pb), Pb; Miljöfarligt, långtidseffekter;;;;
Bly-9,12-oktadekadienoat;16996-51-3;241-077-2;Utfasningsämne;CMR (kategori 1A och 1B), Reproduktionsstörande; Särskilt farliga metaller (Hg, Cd, Pb), Pb; Miljöfarligt, långtidseffekter;;;;
Blykaprinat;20403-42-3;243-789-9;Utfasningsämne;CMR (kategori 1A och 1B), Reproduktionsstörande; Särskilt farliga metaller (Hg, Cd, Pb), Pb; Miljöfarligt, långtidseffekter;;;;
Bly-tellurtetraoxid;13845-35-7;237-573-3;Utfasningsämne;CMR (kategori 1A och 1B), Reproduktionsstörande; Särskilt farliga metaller (Hg, Cd, Pb), Pb; Miljöfarligt, långtidseffekter;;;;
Bly-O,O-bis(1,3-dimetylbutyl)fosforoditioat;20383-42-0;243-777-3;Utfasningsämne;CMR (kategori 1A och 1B), Reproduktionsstörande; Särskilt farliga metaller (Hg, Cd, Pb), Pb; Miljöfarligt, långtidseffekter;;;;
Blydihydroxid;19783-14-3;243-310-3;Utfasningsämne;CMR (kategori 1A och 1B), Reproduktionsstörande; Särskilt farliga metaller (Hg, Cd, Pb), Pb; Miljöfarligt, långtidseffekter;;;;
5,5,13,13-tetradehydro-4,5-dihydro-4,8,10,15-tetranitro-7,11-meteno-11H,13H-tetrazolo[1,5-c][1,7,3,5,2,6]dioxadiazadiplumbacyklododecin;19651-80-0;243-204-7;Utfasningsämne;CMR (kategori 1A och 1B), Reproduktionsstörande; Särskilt farliga metaller (Hg, Cd, Pb), Pb; Miljöfarligt, långtidseffekter;;;;
Blypalmitat;19528-55-3;243-135-2;Utfasningsämne;CMR (kategori 1A och 1B), Reproduktionsstörande; Särskilt farliga metaller (Hg, Cd, Pb), Pb; Miljöfarligt, långtidseffekter;;;;
Blymaleat;19136-34-6;242-832-9;Utfasningsämne;CMR (kategori 1A och 1B), Reproduktionsstörande; Särskilt farliga metaller (Hg, Cd, Pb), Pb; Miljöfarligt, långtidseffekter;;;;
Blybis(dimetylditiokarbamat);19010-66-3;242-748-2;Utfasningsämne;CMR (kategori 1A och 1B), Reproduktionsstörande; Särskilt farliga metaller (Hg, Cd, Pb), Pb; Miljöfarligt, långtidseffekter;;;;
Blydilaktat;18917-82-3;242-666-7;Utfasningsämne;CMR (kategori 1A och 1B), Reproduktionsstörande; Särskilt farliga metaller (Hg, Cd, Pb), Pb; Miljöfarligt, långtidseffekter;;;;
1,2-Benzendikarboxylsyra, Bly(2+) salt;18608-34-9;;Utfasningsämne;CMR (kategori 1A och 1B), Reproduktionsstörande; Särskilt farliga metaller (Hg, Cd, Pb), Pb; Miljöfarligt, långtidseffekter;;;;
Diblykromatoxid;18454-12-1;242-339-9;Utfasningsämne;CMR (kategori 1A och 1B), Cancerframkallande; CMR (kategori 1A och 1B), Reproduktionsstörande; Särskilt farliga metaller (Hg, Cd, Pb), Pb; Allergiframkallande; Miljöfarligt, långtidseffekter;;
Tribly-cyklodioxoftalat;17976-43-1;241-894-4;Utfasningsämne;CMR (kategori 1A och 1B), Reproduktionsstörande; Särskilt farliga metaller (Hg, Cd, Pb), Pb; Miljöfarligt, långtidseffekter;;;;
Blycyanamidat;20837-86-9;244-073-9;Utfasningsämne;CMR (kategori 1A och 1B), Reproduktionsstörande; Särskilt farliga metaller (Hg, Cd, Pb), Pb; Miljöfarligt, långtidseffekter;;;;
Pentablytetraoxidsulfat;12065-90-6;235-067-7;Utfasningsämne;CMR (kategori 1A och 1B), Reproduktionsstörande; Särskilt farliga metaller (Hg, Cd, Pb), Pb; Miljöfarligt, långtidseffekter;;;;
Blygermanat;12435-47-1;235-666-3;Utfasningsämne;CMR (kategori 1A och 1B), Reproduktionsstörande; Särskilt farliga metaller (Hg, Cd, Pb), Pb; Miljöfarligt, långtidseffekter;;;;
Diblydihydroxi-2,4,6-trinitro-1,3-benzendiolat;12403-82-6;235-642-2;Utfasningsämne;CMR (kategori 1A och 1B), Reproduktionsstörande; Särskilt farliga metaller (Hg, Cd, Pb), Pb; Miljöfarligt, långtidseffekter;;;;
3,4-Metylendioxyfenylblytriacetat;124010-46-4;;Utfasningsämne;CMR (kategori 1A och 1B), Reproduktionsstörande; Särskilt farliga metaller (Hg, Cd, Pb), Pb; Miljöfarligt, långtidseffekter;;;;
Hartssyra, kalciumblysalt;68952-91-0;;Utfasningsämne;CMR (kategori 1A och 1B), Reproduktionsstörande; Särskilt farliga metaller (Hg, Cd, Pb), Pb; Miljöfarligt, långtidseffekter;;;;
Kalium-pentadekaoxodiblypentaniobat(1-);12372-45-1;235-618-1;Utfasningsämne;CMR (kategori 1A och 1B), Reproduktionsstörande; Särskilt farliga metaller (Hg, Cd, Pb), Pb; Miljöfarligt, långtidseffekter;;;;
[mu-(4,6-dinitroresorcinolato(2-)-O1,O3)]dihydroxidbly;84837-22-9;284-297-4;Utfasningsämne;CMR (kategori 1A och 1B), Reproduktionsstörande; Särskilt farliga metaller (Hg, Cd, Pb), Pb; Miljöfarligt, långtidseffekter;;;;
Blyhydroxidnitrat;12268-84-7;235-543-4;Utfasningsämne;CMR (kategori 1A och 1B), Reproduktionsstörande; Särskilt farliga metaller (Hg, Cd, Pb), Pb; Miljöfarligt, långtidseffekter;;;;
Blyantimonid;12266-38-5;235-536-6;Utfasningsämne;CMR (kategori 1A och 1B), Reproduktionsstörande; Särskilt farliga metaller (Hg, Cd, Pb), Pb; Miljöfarligt, långtidseffekter;;;;
Blykloridoxid;12205-72-0;235-383-5;Utfasningsämne;CMR (kategori 1A och 1B), Reproduktionsstörande; Särskilt farliga metaller (Hg, Cd, Pb), Pb; Miljöfarligt, långtidseffekter;;;;
Tetrablytrioxidsulfat;12202-17-4;235-380-9;Utfasningsämne;CMR (kategori 1A och 1B), Reproduktionsstörande; Särskilt farliga metaller (Hg, Cd, Pb), Pb; Miljöfarligt, långtidseffekter;;;;
Triblydioxidfosfonat;12141-20-7;235-252-2;Utfasningsämne;CMR (kategori 1A och 1B), Reproduktionsstörande; Särskilt farliga metaller (Hg, Cd, Pb), Pb; Miljöfarligt, långtidseffekter;;;;
Blycitrat;14450-60-3;238-432-9;Utfasningsämne;CMR (kategori 1A och 1B), Reproduktionsstörande; Särskilt farliga metaller (Hg, Cd, Pb), Pb; Miljöfarligt, långtidseffekter;;;;
Blyselenid;12069-00-0;235-109-4;Utfasningsämne;CMR (kategori 1A och 1B), Reproduktionsstörande; Särskilt farliga metaller (Hg, Cd, Pb), Pb; Miljöfarligt, långtidseffekter;;;;
Blyvolframoxid;12737-98-3;235-792-9;Utfasningsämne;CMR (kategori 1A och 1B), Reproduktionsstörande; Särskilt farliga metaller (Hg, Cd, Pb), Pb; Miljöfarligt, långtidseffekter;;;;
Blyhexaoxoditantal;12065-68-8;235-065-6;Utfasningsämne;CMR (kategori 1A och 1B), Reproduktionsstörande; Särskilt farliga metaller (Hg, Cd, Pb), Pb; Miljöfarligt, långtidseffekter;;;;
Blyzirkoniumtrioxid;12060-01-4;235-039-4;Utfasningsämne;CMR (kategori 1A och 1B), Reproduktionsstörande; Särskilt farliga metaller (Hg, Cd, Pb), Pb; Miljöfarligt, långtidseffekter;;;;
Blytitantrioxid;12060-00-3;235-038-9;Utfasningsämne;CMR (kategori 1A och 1B), Reproduktionsstörande; Särskilt farliga metaller (Hg, Cd, Pb), Pb; Miljöfarligt, långtidseffekter;;;;
Diblyoxid;12059-89-1;235-036-8;Utfasningsämne;CMR (kategori 1A och 1B), Reproduktionsstörande; Särskilt farliga metaller (Hg, Cd, Pb), Pb; Miljöfarligt, långtidseffekter;;;;
Blyvismutförening (1:1);12048-28-1;234-980-8;Utfasningsämne;CMR (kategori 1A och 1B), Reproduktionsstörande; Särskilt farliga metaller (Hg, Cd, Pb), Pb; Miljöfarligt, långtidseffekter;;;;
Blyoxidsulfat;12036-76-9;234-853-7;Utfasningsämne;CMR (kategori 1A och 1B), Reproduktionsstörande; Särskilt farliga metaller (Hg, Cd, Pb), Pb; Miljöfarligt, långtidseffekter;;;;
Blystannat;12036-31-6;234-844-8;Utfasningsämne;CMR (kategori 1A och 1B), Reproduktionsstörande; Särskilt farliga metaller (Hg, Cd, Pb), Pb; Miljöfarligt, långtidseffekter;;;;
Blydiniobiumhexaoxid;12034-88-7;234-814-4;Utfasningsämne;CMR (kategori 1A och 1B), Reproduktionsstörande; Särskilt farliga metaller (Hg, Cd, Pb), Pb; Miljöfarligt, långtidseffekter;;;;
Dinatriumplumbat;12034-30-9;234-800-8;Utfasningsämne;CMR (kategori 1A och 1B), Reproduktionsstörande; Särskilt farliga metaller (Hg, Cd, Pb), Pb; Miljöfarligt, långtidseffekter;;;;
Blyhafniumtrioxide;12029-23-1;234-735-5;Utfasningsämne;CMR (kategori 1A och 1B), Reproduktionsstörande; Särskilt farliga metaller (Hg, Cd, Pb), Pb; Miljöfarligt, långtidseffekter;;;;
Blyferrit;12023-90-4;234-684-9;Utfasningsämne;CMR (kategori 1A och 1B), Reproduktionsstörande; Särskilt farliga metaller (Hg, Cd, Pb), Pb; Miljöfarligt, långtidseffekter;;;;
Blydisulfid;12137-74-5;235-241-2;Utfasningsämne;CMR (kategori 1A och 1B), Reproduktionsstörande; Särskilt farliga metaller (Hg, Cd, Pb), Pb; Miljöfarligt, långtidseffekter;;;;
Blyoxid;1335-25-7;215-626-1;Utfasningsämne;CMR (kategori 1A och 1B), Reproduktionsstörande; Särskilt farliga metaller (Hg, Cd, Pb), Pb; Miljöfarligt, långtidseffekter;;;;
Blyoxidsulfat, monohydrat;12397-06-7;;Utfasningsämne;CMR (kategori 1A och 1B), Reproduktionsstörande; Särskilt farliga metaller (Hg, Cd, Pb), Pb; Miljöfarligt, långtidseffekter;;;;
Blynitrit;13826-65-8;237-528-8;Utfasningsämne;CMR (kategori 1A och 1B), Reproduktionsstörande; Särskilt farliga metaller (Hg, Cd, Pb), Pb; Miljöfarligt, långtidseffekter;;;;
Bly-bis(tetrafluorborat);13814-96-5;237-486-0;Utfasningsämne;CMR (kategori 1A och 1B), Reproduktionsstörande; Särskilt farliga metaller (Hg, Cd, Pb), Pb; Miljöfarligt, långtidseffekter;;;;
Blydisulfamidat;13767-78-7;237-379-9;Utfasningsämne;CMR (kategori 1A och 1B), Reproduktionsstörande; Särskilt farliga metaller (Hg, Cd, Pb), Pb; Miljöfarligt, långtidseffekter;;;;
Blyfumarat;13698-55-0;237-220-3;Utfasningsämne;CMR (kategori 1A och 1B), Reproduktionsstörande; Särskilt farliga metaller (Hg, Cd, Pb), Pb; Miljöfarligt, långtidseffekter;;;;
Blydiperklorat;13637-76-8;237-125-7;Utfasningsämne;CMR (kategori 1A och 1B), Reproduktionsstörande; Särskilt farliga metaller (Hg, Cd, Pb), Pb; Miljöfarligt, långtidseffekter;;;;
Diantimontriblyoktaoxid;13510-89-9;236-845-9;Utfasningsämne;CMR (kategori 1A och 1B), Reproduktionsstörande; Särskilt farliga metaller (Hg, Cd, Pb), Pb; Miljöfarligt, långtidseffekter;;;;
Blytiosulfat;13478-50-7;236-780-6;Utfasningsämne;CMR (kategori 1A och 1B), Reproduktionsstörande; Särskilt farliga metaller (Hg, Cd, Pb), Pb; Miljöfarligt, långtidseffekter;;;;
Diblypyrofosfat;13453-66-2;236-629-4;Utfasningsämne;CMR (kategori 1A och 1B), Reproduktionsstörande; Särskilt farliga metaller (Hg, Cd, Pb), Pb; Miljöfarligt, långtidseffekter;;;;
Blyfosfit, dibasisk, hemihydrat;1344-40-7;;Utfasningsämne;CMR (kategori 1A och 1B), Reproduktionsstörande; Särskilt farliga metaller (Hg, Cd, Pb), Pb; Miljöfarligt, långtidseffekter;;;;
C.I. Pigment Orange 21;1344-38-3;215-694-2;Utfasningsämne;CMR (kategori 1A och 1B), Reproduktionsstörande; Särskilt farliga metaller (Hg, Cd, Pb), Pb; Miljöfarligt, långtidseffekter;;;;
Triblydioxobis(stearat);12578-12-0;235-702-8;Utfasningsämne;CMR (kategori 1A och 1B), Reproduktionsstörande; Särskilt farliga metaller (Hg, Cd, Pb), Pb; Miljöfarligt, långtidseffekter;;;;
Bly-2,4-dinitroresorcylat;13406-89-8;236-498-3;Utfasningsämne;CMR (kategori 1A och 1B), Reproduktionsstörande; Särskilt farliga metaller (Hg, Cd, Pb), Pb; Miljöfarligt, långtidseffekter;;;;
Blytitanzirkoniumoxide;12626-81-2;235-727-4;Utfasningsämne;CMR (kategori 1A och 1B), Reproduktionsstörande; Särskilt farliga metaller (Hg, Cd, Pb), Pb; Miljöfarligt, långtidseffekter;;;;
Bly-2-(2,4,5,7-tetrabrom-3,6-dihydroxixanten-9-yl)benzoat;1326-05-2;215-415-4;Utfasningsämne;CMR (kategori 1A och 1B), Reproduktionsstörande; Särskilt farliga metaller (Hg, Cd, Pb), Pb; Miljöfarligt, långtidseffekter;;;;
Blyhydroxikarbonat;1319-46-6;215-290-6;Utfasningsämne;CMR (kategori 1A och 1B), Reproduktionsstörande; Särskilt farliga metaller (Hg, Cd, Pb), Pb; Miljöfarligt, långtidseffekter;;;;
Blymonoxid;1317-36-8;215-267-0;Utfasningsämne;CMR (kategori 1A och 1B), Reproduktionsstörande; Särskilt farliga metaller (Hg, Cd, Pb), Pb; Miljöfarligt, långtidseffekter;;;;
Blytellurid;1314-91-6;215-247-1;Utfasningsämne;CMR (kategori 1A och 1B), Reproduktionsstörande; Särskilt farliga metaller (Hg, Cd, Pb), Pb; Miljöfarligt, långtidseffekter;;;;
Blysulfid;1314-87-0;215-246-6;Utfasningsämne;CMR (kategori 1A och 1B), Reproduktionsstörande; Särskilt farliga metaller (Hg, Cd, Pb), Pb; Miljöfarligt, långtidseffekter;;;;
Blytetraoxid;1314-41-6;215-235-6;Utfasningsämne;CMR (kategori 1A och 1B), Reproduktionsstörande; Särskilt farliga metaller (Hg, Cd, Pb), Pb; Miljöfarligt, långtidseffekter;;;;
Blytrioxid;1314-27-8;;Utfasningsämne;CMR (kategori 1A och 1B), Reproduktionsstörande; Särskilt farliga metaller (Hg, Cd, Pb), Pb; Miljöfarligt, långtidseffekter;;;;
Blydioxid;1309-60-0;215-174-5;Utfasningsämne;CMR (kategori 1A och 1B), Reproduktionsstörande; Särskilt farliga metaller (Hg, Cd, Pb), Pb; Miljöfarligt, långtidseffekter;;;;
Bly(2+)-(R)-12-hydroxioleat;13094-04-7;236-010-9;Utfasningsämne;CMR (kategori 1A och 1B), Reproduktionsstörande; Särskilt farliga metaller (Hg, Cd, Pb), Pb; Miljöfarligt, långtidseffekter;;;;
Blyoxidsulfat;12765-51-4;235-803-7;Utfasningsämne;CMR (kategori 1A och 1B), Reproduktionsstörande; Särskilt farliga metaller (Hg, Cd, Pb), Pb; Miljöfarligt, långtidseffekter;;;;
Natrium-blylegering;12740-44-2;;Utfasningsämne;CMR (kategori 1A och 1B), Reproduktionsstörande; Särskilt farliga metaller (Hg, Cd, Pb), Pb; Miljöfarligt, långtidseffekter;;;;
Bly(2+)jon;14280-50-3;;Utfasningsämne;CMR (kategori 1A och 1B), Reproduktionsstörande; Särskilt farliga metaller (Hg, Cd, Pb), Pb; Miljöfarligt, långtidseffekter;;;;
Lead alloy, base, (PbCd1);66184-18-7;;Utfasningsämne;CMR (kategori 1A och 1B), Reproduktionsstörande; Särskilt farliga metaller (Hg, Cd, Pb), Pb; Miljöfarligt, långtidseffekter;;;;
Blynaftenat;61790-14-5;263-109-4;Utfasningsämne;CMR (kategori 1A och 1B), Reproduktionsstörande; Särskilt farliga metaller (Hg, Cd, Pb), Pb; Miljöfarligt, långtidseffekter;;;;
Blyftalat;6838-85-3;229-927-0;Utfasningsämne;CMR (kategori 1A och 1B), Reproduktionsstörande; Särskilt farliga metaller (Hg, Cd, Pb), Pb; Miljöfarligt, långtidseffekter;;;;
Cadmium sulfide (CdS), solid soln. with zinc sulfide, copper and lead-doped;68332-81-0;269-773-1;Utfasningsämne;CMR (kategori 1A och 1B), Reproduktionsstörande; Särskilt farliga metaller (Hg, Cd, Pb), Cd; Särskilt farliga metaller (Hg, Cd, Pb), Pb; Miljöfarligt, långtidseffekter;;;
Lead tallate 2-ethylhexanoate;68187-37-1;269-090-9;Utfasningsämne;CMR (kategori 1A och 1B), Reproduktionsstörande; Särskilt farliga metaller (Hg, Cd, Pb), Pb; Miljöfarligt, långtidseffekter;;;;
Methyl methacrylate, lead methacrylate, vinylbenzene, polyethylene glycol dimethacrylate polymer;68155-47-5;;Utfasningsämne;CMR (kategori 1A och 1B), Reproduktionsstörande; Särskilt farliga metaller (Hg, Cd, Pb), Pb; Miljöfarligt, långtidseffekter;;;;
Linseed oil, reactor products with lead oxide (Pb3O4) and mastic;68152-99-8;;Utfasningsämne;CMR (kategori 1A och 1B), Reproduktionsstörande; Särskilt farliga metaller (Hg, Cd, Pb), Pb; Miljöfarligt, långtidseffekter;;;;
Resin acids and Rosin acids, calcium salts, polymers with lead resinates and sapond. linseed oil;68139-27-5;;Utfasningsämne;CMR (kategori 1A och 1B), Reproduktionsstörande; Särskilt farliga metaller (Hg, Cd, Pb), Pb; Miljöfarligt, långtidseffekter;;;;
Bly-(C12-C18)-karboxylat;68131-60-2;268-622-7;Utfasningsämne;CMR (kategori 1A och 1B), Reproduktionsstörande; Särskilt farliga metaller (Hg, Cd, Pb), Pb; Miljöfarligt, långtidseffekter;;;;
Blynickelsilikat;68130-19-8;;Utfasningsämne;CMR (kategori 1A och 1B), Cancerframkallande; CMR (kategori 1A och 1B), Reproduktionsstörande; Särskilt farliga metaller (Hg, Cd, Pb), Pb; Allergiframkallande; Hög kronisk giftighet; Mutagena (kategori 2); Miljöfarligt, långtidseffekter
Dehydrated castor oil, lead acetate resin;68038-02-8;;Utfasningsämne;CMR (kategori 1A och 1B), Reproduktionsstörande; Särskilt farliga metaller (Hg, Cd, Pb), Pb; Miljöfarligt, långtidseffekter;;;;
Copper matte;67711-91-5;266-967-8;Utfasningsämne;CMR (kategori 1A och 1B), Reproduktionsstörande; Särskilt farliga metaller (Hg, Cd, Pb), Pb; Miljöfarligt, långtidseffekter;;;;
Lead, copper resorcylate, salicylate;68411-07-4;;Utfasningsämne;CMR (kategori 1A och 1B), Reproduktionsstörande; Särskilt farliga metaller (Hg, Cd, Pb), Pb; Miljöfarligt, långtidseffekter;;;;
Oxidized petrolatum (petroleum), lead salt;67674-14-0;266-853-8;Utfasningsämne;CMR (kategori 1A och 1B), Reproduktionsstörande; Särskilt farliga metaller (Hg, Cd, Pb), Pb; Miljöfarligt, långtidseffekter;;;;
Blymononitroresorcinat;68411-33-6;;Utfasningsämne;CMR (kategori 1A och 1B), Reproduktionsstörande; Särskilt farliga metaller (Hg, Cd, Pb), Pb; Miljöfarligt, långtidseffekter;;;;
Vismutblyruteniumoxid;65229-22-3;265-645-4;Utfasningsämne;CMR (kategori 1A och 1B), Reproduktionsstörande; Särskilt farliga metaller (Hg, Cd, Pb), Pb; Miljöfarligt, långtidseffekter;;;;
Bly-12-hydroxi-oktadekanoat;65127-78-8;265-492-3;Utfasningsämne;CMR (kategori 1A och 1B), Reproduktionsstörande; Särskilt farliga metaller (Hg, Cd, Pb), Pb; Miljöfarligt, långtidseffekter;;;;
Bly(II)-2-metyl-4,6-dinitrofenol;65121-76-8;265-460-9;Utfasningsämne;CMR (kategori 1A och 1B), Reproduktionsstörande; Särskilt farliga metaller (Hg, Cd, Pb), Pb; Miljöfarligt, långtidseffekter;;;;
Bly-1-butanol, salt;65119-94-0;265-457-2;Utfasningsämne;CMR (kategori 1A och 1B), Reproduktionsstörande; Särskilt farliga metaller (Hg, Cd, Pb), Pb; Miljöfarligt, långtidseffekter;;;;
Bly(2+)pikrat;6477-64-1;229-335-2;Utfasningsämne;CMR (kategori 1A och 1B), Reproduktionsstörande; Särskilt farliga metaller (Hg, Cd, Pb), Pb; Miljöfarligt, långtidseffekter;;;;
Blyisooktanoat;64504-12-7;264-931-6;Utfasningsämne;CMR (kategori 1A och 1B), Reproduktionsstörande; Särskilt farliga metaller (Hg, Cd, Pb), Pb; Miljöfarligt, långtidseffekter;;;;
Blybis(diisononylnaftalensulfonat);63568-30-9;264-316-2;Utfasningsämne;CMR (kategori 1A och 1B), Reproduktionsstörande; Särskilt farliga metaller (Hg, Cd, Pb), Pb; Miljöfarligt, långtidseffekter;;;;
Bly(2+)heptadekanoat;63399-94-0;264-123-3;Utfasningsämne;CMR (kategori 1A och 1B), Reproduktionsstörande; Särskilt farliga metaller (Hg, Cd, Pb), Pb; Miljöfarligt, långtidseffekter;;;;
Blybis(4-cyklohexylbutyrat);62637-99-4;263-663-7;Utfasningsämne;CMR (kategori 1A och 1B), Reproduktionsstörande; Särskilt farliga metaller (Hg, Cd, Pb), Pb; Miljöfarligt, långtidseffekter;;;;
Bly-bis(o-acetoxibenzoat);62451-77-8;263-548-1;Utfasningsämne;CMR (kategori 1A och 1B), Reproduktionsstörande; Särskilt farliga metaller (Hg, Cd, Pb), Pb; Miljöfarligt, långtidseffekter;;;;
Blysulfit, dibasisk;62229-08-7;263-467-1;Utfasningsämne;CMR (kategori 1A och 1B), Reproduktionsstörande; Särskilt farliga metaller (Hg, Cd, Pb), Pb; Miljöfarligt, långtidseffekter;;;;
Blysilikatsulfat;67711-86-8;266-962-0;Utfasningsämne;CMR (kategori 1A och 1B), Reproduktionsstörande; Särskilt farliga metaller (Hg, Cd, Pb), Pb; Miljöfarligt, långtidseffekter;;;;
Carboxylic acids, tall-oil, lead(2+) salt, basic;68603-93-0;;Utfasningsämne;CMR (kategori 1A och 1B), Reproduktionsstörande; Särskilt farliga metaller (Hg, Cd, Pb), Pb; Miljöfarligt, långtidseffekter;;;;
Trioxotetrablymaleat;12275-07-9;235-549-7;Utfasningsämne;CMR (kategori 1A och 1B), Reproduktionsstörande; Särskilt farliga metaller (Hg, Cd, Pb), Pb; Miljöfarligt, långtidseffekter;;;;
Blyisononanat;27253-41-4;248-376-7;Utfasningsämne;CMR (kategori 1A och 1B), Reproduktionsstörande; Särskilt farliga metaller (Hg, Cd, Pb), Pb; Miljöfarligt, långtidseffekter;;;;
Glucose-1-phosphate, lead salt;68901-12-2;272-655-2;Utfasningsämne;CMR (kategori 1A och 1B), Reproduktionsstörande; Särskilt farliga metaller (Hg, Cd, Pb), Pb; Miljöfarligt, långtidseffekter;;;;
Bly-(R)-3,5,6-trihydroxi-4,6-bis(3-metylbut-2-enyl)-2-(3-metyl-2-oxobutyl)cyclohexa-2,4-dien-1-on;68901-11-1;272-654-7;Utfasningsämne;CMR (kategori 1A och 1B), Reproduktionsstörande; Särskilt farliga metaller (Hg, Cd, Pb), Pb; Miljöfarligt, långtidseffekter;;;;
Kadmiumsulfid, koppar-och blydopad;68891-87-2;272-581-0;Utfasningsämne;CMR (kategori 1A och 1B), Reproduktionsstörande; Särskilt farliga metaller (Hg, Cd, Pb), Cd; Särskilt farliga metaller (Hg, Cd, Pb), Pb; Miljöfarligt, långtidseffekter;;;
Zinc magnesium manganese orthosilicate lead arsenic;68784-76-9;;Utfasningsämne;CMR (kategori 1A och 1B), Reproduktionsstörande; Särskilt farliga metaller (Hg, Cd, Pb), Pb; Miljöfarligt, långtidseffekter;;;;
Kiselsyra, bariumsalt (1:2), bly-dopat;68784-75-8;272-271-5;Utfasningsämne;CMR (kategori 1A och 1B), Reproduktionsstörande; Särskilt farliga metaller (Hg, Cd, Pb), Pb; Miljöfarligt, långtidseffekter;;;;
Silicic acid (H6Si2O7), barium magnesium strontium salt, lead-doped;68784-74-7;272-269-4;Utfasningsämne;CMR (kategori 1A och 1B), Reproduktionsstörande; Särskilt farliga metaller (Hg, Cd, Pb), Pb; Miljöfarligt, långtidseffekter;;;;
Calcium, acetate coco fatty carboxylate decanoate hydrogenated tallow fatty carboxylate octanoate lead complexes;68784-59-8;;Utfasningsämne;CMR (kategori 1A och 1B), Reproduktionsstörande; Särskilt farliga metaller (Hg, Cd, Pb), Pb; Miljöfarligt, långtidseffekter;;;;
Tungstate (WO42-), calcium (1:1), (T-4)-, lead-doped;68784-53-2;272-255-8;Utfasningsämne;CMR (kategori 1A och 1B), Reproduktionsstörande; Särskilt farliga metaller (Hg, Cd, Pb), Pb; Miljöfarligt, långtidseffekter;;;;
Tallow acids, hydrogenated, lead salt;68605-98-1;271-722-3;Utfasningsämne;CMR (kategori 1A och 1B), Reproduktionsstörande; Särskilt farliga metaller (Hg, Cd, Pb), Pb; Miljöfarligt, långtidseffekter;;;;
Bly-(C8-10)-karboxylat, grenad, basisk;68409-79-0;270-063-9;Utfasningsämne;CMR (kategori 1A och 1B), Reproduktionsstörande; Särskilt farliga metaller (Hg, Cd, Pb), Pb; Miljöfarligt, långtidseffekter;;;;
Castor oil, dehydrated, polymer with rosin, calcium lead zinc salt;68604-05-7;;Utfasningsämne;CMR (kategori 1A och 1B), Reproduktionsstörande; Särskilt farliga metaller (Hg, Cd, Pb), Pb; Miljöfarligt, långtidseffekter;;;;
Bly-3,5,5-trimetylhexanoat;68515-77-5;271-108-5;Utfasningsämne;CMR (kategori 1A och 1B), Reproduktionsstörande; Särskilt farliga metaller (Hg, Cd, Pb), Pb; Miljöfarligt, långtidseffekter;;;;
Bly-(C6-19)-karboxylat, grenad, basisk;68603-83-8;271-675-9;Utfasningsämne;CMR (kategori 1A och 1B), Reproduktionsstörande; Särskilt farliga metaller (Hg, Cd, Pb), Pb; Miljöfarligt, långtidseffekter;;;;
Bly(2+)dodecylfenolat;68586-21-0;271-610-4;Utfasningsämne;CMR (kategori 1A och 1B), Reproduktionsstörande; Särskilt farliga metaller (Hg, Cd, Pb), Pb; Miljöfarligt, långtidseffekter;;;;
Zinksulfid, koppar-och blydopad;68585-90-0;271-598-0;Utfasningsämne;CMR (kategori 1A och 1B), Reproduktionsstörande; Särskilt farliga metaller (Hg, Cd, Pb), Pb; Miljöfarligt, långtidseffekter;;;;
Zinc lead silica tin white spinel;68555-07-7;271-412-8;Utfasningsämne;CMR (kategori 1A och 1B), Reproduktionsstörande; Särskilt farliga metaller (Hg, Cd, Pb), Pb; Miljöfarligt, långtidseffekter;;;;
Silica calcium lead boron white spinel;68555-05-5;271-410-7;Utfasningsämne;CMR (kategori 1A och 1B), Reproduktionsstörande; Särskilt farliga metaller (Hg, Cd, Pb), Pb; Miljöfarligt, långtidseffekter;;;;
Lead fishate;68553-63-9;271-396-2;Utfasningsämne;CMR (kategori 1A och 1B), Reproduktionsstörande; Särskilt farliga metaller (Hg, Cd, Pb), Pb; Miljöfarligt, långtidseffekter;;;;
Blyisooktanoatnaftenat komplex;68515-80-0;271-110-6;Utfasningsämne;CMR (kategori 1A och 1B), Reproduktionsstörande; Särskilt farliga metaller (Hg, Cd, Pb), Pb; Miljöfarligt, långtidseffekter;;;;
Bly-2-etylhexanoat;68515-76-4;271-106-4;Utfasningsämne;CMR (kategori 1A och 1B), Reproduktionsstörande; Särskilt farliga metaller (Hg, Cd, Pb), Pb; Miljöfarligt, långtidseffekter;;;;
Blydimetylhexanoat, basisk;68442-95-5;270-498-4;Utfasningsämne;CMR (kategori 1A och 1B), Reproduktionsstörande; Särskilt farliga metaller (Hg, Cd, Pb), Pb; Miljöfarligt, långtidseffekter;;;;
Menhaden oil, lead soap;68424-76-0;270-321-0;Utfasningsämne;CMR (kategori 1A och 1B), Reproduktionsstörande; Särskilt farliga metaller (Hg, Cd, Pb), Pb; Miljöfarligt, långtidseffekter;;;;
Lead oxide (PbO), lead-contg.;68411-78-9;270-148-0;Utfasningsämne;CMR (kategori 1A och 1B), Reproduktionsstörande; Särskilt farliga metaller (Hg, Cd, Pb), Pb; Miljöfarligt, långtidseffekter;;;;
Blyoktanat, grenad, basisk;68604-56-8;271-698-4;Utfasningsämne;CMR (kategori 1A och 1B), Reproduktionsstörande; Särskilt farliga metaller (Hg, Cd, Pb), Pb; Miljöfarligt, långtidseffekter;;;;
lBlybis(dipentylditiokarbamat);36501-84-5;253-068-0;Utfasningsämne;CMR (kategori 1A och 1B), Reproduktionsstörande; Särskilt farliga metaller (Hg, Cd, Pb), Pb; Miljöfarligt, långtidseffekter;;;;
Blynaftenat;50825-29-1;256-790-4;Utfasningsämne;CMR (kategori 1A och 1B), Reproduktionsstörande; Särskilt farliga metaller (Hg, Cd, Pb), Pb; Miljöfarligt, långtidseffekter;;;;
Bariumblysulfat;42579-89-5;255-896-8;Utfasningsämne;CMR (kategori 1A och 1B), Reproduktionsstörande; Särskilt farliga metaller (Hg, Cd, Pb), Pb; Miljöfarligt, långtidseffekter;;;;
Blytallat;61788-54-3;262-986-0;Utfasningsämne;CMR (kategori 1A och 1B), Reproduktionsstörande; Särskilt farliga metaller (Hg, Cd, Pb), Pb; Miljöfarligt, långtidseffekter;;;;
Blybis(piperidin-1-karboditioat);41556-46-1;255-438-7;Utfasningsämne;CMR (kategori 1A och 1B), Reproduktionsstörande; Särskilt farliga metaller (Hg, Cd, Pb), Pb; Miljöfarligt, långtidseffekter;;;;
Blysebacinat;29473-77-6;249-660-3;Utfasningsämne;CMR (kategori 1A och 1B), Reproduktionsstörande; Särskilt farliga metaller (Hg, Cd, Pb), Pb; Miljöfarligt, långtidseffekter;;;;
Blydidokosanoat;29597-84-0;249-719-3;Utfasningsämne;CMR (kategori 1A och 1B), Reproduktionsstörande; Särskilt farliga metaller (Hg, Cd, Pb), Pb; Miljöfarligt, långtidseffekter;;;;
Blybis(2,4-dihydroxibenzoat);41453-50-3;255-375-5;Utfasningsämne;CMR (kategori 1A och 1B), Reproduktionsstörande; Särskilt farliga metaller (Hg, Cd, Pb), Pb; Miljöfarligt, långtidseffekter;;;;
Acetic acid, reaction products with lead oxide (PbO), silica and sulfuric acid;68937-05-3;273-052-7;Utfasningsämne;CMR (kategori 1A och 1B), Reproduktionsstörande; Särskilt farliga metaller (Hg, Cd, Pb), Pb; Miljöfarligt, långtidseffekter;;;;
Blykloridsilikat;39390-00-6;254-443-1;Utfasningsämne;CMR (kategori 1A och 1B), Reproduktionsstörande; Särskilt farliga metaller (Hg, Cd, Pb), Pb; Miljöfarligt, långtidseffekter;;;;
Bly-1,3-Benzendikarboxylat;38787-87-0;254-128-9;Utfasningsämne;CMR (kategori 1A och 1B), Reproduktionsstörande; Särskilt farliga metaller (Hg, Cd, Pb), Pb; Miljöfarligt, långtidseffekter;;;;
Diblydirodiumheptaoxid;37240-96-3;253-421-9;Utfasningsämne;CMR (kategori 1A och 1B), Reproduktionsstörande; Särskilt farliga metaller (Hg, Cd, Pb), Pb; Miljöfarligt, långtidseffekter;;;;
3-(trifenylbly)-1H-pyrazol;51105-45-4;256-968-1;Utfasningsämne;CMR (kategori 1A och 1B), Reproduktionsstörande; Särskilt farliga metaller (Hg, Cd, Pb), Pb; Miljöfarligt, långtidseffekter;;;;
Triblydiarsenat;3687-31-8;222-979-5;Utfasningsämne;CMR (kategori 1A och 1B), Cancerframkallande; CMR (kategori 1A och 1B), Reproduktionsstörande; Särskilt farliga metaller (Hg, Cd, Pb), Pb; Miljöfarligt, långtidseffekter;;;
Bly-2-Butendioat (1:1) förening med Blyoxid (PbO);50729-72-1;;Utfasningsämne;CMR (kategori 1A och 1B), Reproduktionsstörande; Särskilt farliga metaller (Hg, Cd, Pb), Pb; Miljöfarligt, långtidseffekter;;;;
Bly-bis(3,5,5-trimetylhexanoat);35837-70-8;252-746-3;Utfasningsämne;CMR (kategori 1A och 1B), Reproduktionsstörande; Särskilt farliga metaller (Hg, Cd, Pb), Pb; Miljöfarligt, långtidseffekter;;;;
Blyortoborat;35498-15-8;252-594-8;Utfasningsämne;CMR (kategori 1A och 1B), Reproduktionsstörande; Särskilt farliga metaller (Hg, Cd, Pb), Pb; Miljöfarligt, långtidseffekter;;;;
Blycyanamid;35112-70-0;252-377-8;Utfasningsämne;CMR (kategori 1A och 1B), Reproduktionsstörande; Särskilt farliga metaller (Hg, Cd, Pb), Pb; Miljöfarligt, långtidseffekter;;;;
Blymetyltiolat;35029-96-0;252-324-9;Utfasningsämne;CMR (kategori 1A och 1B), Reproduktionsstörande; Särskilt farliga metaller (Hg, Cd, Pb), Pb; Miljöfarligt, långtidseffekter;;;;
Blydibromat;34018-28-5;251-796-3;Utfasningsämne;CMR (kategori 1A och 1B), Reproduktionsstörande; Särskilt farliga metaller (Hg, Cd, Pb), Pb; Miljöfarligt, långtidseffekter;;;;
Blydilinoleat;33627-12-2;251-602-7;Utfasningsämne;CMR (kategori 1A och 1B), Reproduktionsstörande; Särskilt farliga metaller (Hg, Cd, Pb), Pb; Miljöfarligt, långtidseffekter;;;;
Blydokosanat;3249-61-4;221-834-3;Utfasningsämne;CMR (kategori 1A och 1B), Reproduktionsstörande; Särskilt farliga metaller (Hg, Cd, Pb), Pb; Miljöfarligt, långtidseffekter;;;;
Blydimyristat;32112-52-0;250-924-5;Utfasningsämne;CMR (kategori 1A och 1B), Reproduktionsstörande; Särskilt farliga metaller (Hg, Cd, Pb), Pb; Miljöfarligt, långtidseffekter;;;;
Hexafenyldibly;3124-01-4;221-505-4;Utfasningsämne;CMR (kategori 1A och 1B), Reproduktionsstörande; Särskilt farliga metaller (Hg, Cd, Pb), Pb; Miljöfarligt, långtidseffekter;;;;
Bly-2-etylhexanoat;301-08-6;206-107-0;Utfasningsämne;CMR (kategori 1A och 1B), Reproduktionsstörande; Särskilt farliga metaller (Hg, Cd, Pb), Pb; Miljöfarligt, långtidseffekter;;;;
Linseed oil, lead and manganese driers;68553-17-3;271-394-1;Utfasningsämne;CMR (kategori 1A och 1B), Reproduktionsstörande; Särskilt farliga metaller (Hg, Cd, Pb), Pb; Miljöfarligt, långtidseffekter;;;;
Diblydiruteniumhexaoxid;37194-88-0;253-389-6;Utfasningsämne;CMR (kategori 1A och 1B), Reproduktionsstörande; Särskilt farliga metaller (Hg, Cd, Pb), Pb; Miljöfarligt, långtidseffekter;;;;
Dioxodiblybis(stearat);56189-09-4;260-043-8;Utfasningsämne;CMR (kategori 1A och 1B), Reproduktionsstörande; Särskilt farliga metaller (Hg, Cd, Pb), Pb; Miljöfarligt, långtidseffekter;;;;
Fatty aciis, tall oil, lead manganese salts;61788-53-2;262-985-5;Utfasningsämne;CMR (kategori 1A och 1B), Reproduktionsstörande; Särskilt farliga metaller (Hg, Cd, Pb), Pb; Miljöfarligt, långtidseffekter;;;;
Blymangannaftenat;61788-52-1;262-983-4;Utfasningsämne;CMR (kategori 1A och 1B), Reproduktionsstörande; Särskilt farliga metaller (Hg, Cd, Pb), Pb; Miljöfarligt, långtidseffekter;;;;
Blydiacetat, trihydrat;6080-56-4;;Utfasningsämne;CMR (kategori 1A och 1B), Reproduktionsstörande; Särskilt farliga metaller (Hg, Cd, Pb), Pb; Miljöfarligt, långtidseffekter;;;;
Bly-5-nitro-1,3-benzendikarboxylat;60580-60-1;262-308-3;Utfasningsämne;CMR (kategori 1A och 1B), Reproduktionsstörande; Särskilt farliga metaller (Hg, Cd, Pb), Pb; Miljöfarligt, långtidseffekter;;;;
Blykarbonat;598-63-0;209-943-4;Utfasningsämne;CMR (kategori 1A och 1B), Reproduktionsstörande; Särskilt farliga metaller (Hg, Cd, Pb), Pb; Miljöfarligt, långtidseffekter;;;;
Tetrafenylbly;595-89-1;209-871-3;Utfasningsämne;CMR (kategori 1A och 1B), Reproduktionsstörande; Särskilt farliga metaller (Hg, Cd, Pb), Pb; Miljöfarligt, långtidseffekter;;;;
Blytiocyanat;592-87-0;209-774-6;Utfasningsämne;CMR (kategori 1A och 1B), Reproduktionsstörande; Särskilt farliga metaller (Hg, Cd, Pb), Pb; Miljöfarligt, långtidseffekter;;;;
Bly(II)cyanid;592-05-2;209-742-1;Utfasningsämne;CMR (kategori 1A och 1B), Reproduktionsstörande; Särskilt farliga metaller (Hg, Cd, Pb), Pb; Mycket hög akut giftighet; Miljöfarligt, långtidseffekter;;;
Blybis(12-hydroxistearat);58405-97-3;261-238-0;Utfasningsämne;CMR (kategori 1A och 1B), Reproduktionsstörande; Särskilt farliga metaller (Hg, Cd, Pb), Pb; Miljöfarligt, långtidseffekter;;;;
Oxodiblyftalat;57142-78-6;260-590-2;Utfasningsämne;CMR (kategori 1A och 1B), Reproduktionsstörande; Särskilt farliga metaller (Hg, Cd, Pb), Pb; Miljöfarligt, långtidseffekter;;;;
Blypropionat;42558-73-6;255-883-7;Utfasningsämne;CMR (kategori 1A och 1B), Reproduktionsstörande; Särskilt farliga metaller (Hg, Cd, Pb), Pb; Miljöfarligt, långtidseffekter;;;;
Blyborsilikat;56939-15-2;;Utfasningsämne;CMR (kategori 1A och 1B), Reproduktionsstörande; Särskilt farliga metaller (Hg, Cd, Pb), Pb; Miljöfarligt, långtidseffekter;;;;
Triblydicitrat;512-26-5;208-141-1;Utfasningsämne;CMR (kategori 1A och 1B), Reproduktionsstörande; Särskilt farliga metaller (Hg, Cd, Pb), Pb; Miljöfarligt, långtidseffekter;;;;
Sulfurous acid, lead salt, basic;52231-92-2;257-762-4;Utfasningsämne;CMR (kategori 1A och 1B), Reproduktionsstörande; Särskilt farliga metaller (Hg, Cd, Pb), Pb; Miljöfarligt, långtidseffekter;;;;
Blynitroresorcinolat;51317-24-9;257-133-4;Utfasningsämne;CMR (kategori 1A och 1B), Reproduktionsstörande; Särskilt farliga metaller (Hg, Cd, Pb), Pb; Miljöfarligt, långtidseffekter;;;;
Bly-trinitrofloroglucinolat;51325-28-1;257-135-5;Utfasningsämne;CMR (kategori 1A och 1B), Reproduktionsstörande; Särskilt farliga metaller (Hg, Cd, Pb), Pb; Miljöfarligt, långtidseffekter;;;;
Acetoxitrimetylbly;5711-19-3;227-200-2;Utfasningsämne;CMR (kategori 1A och 1B), Reproduktionsstörande; Särskilt farliga metaller (Hg, Cd, Pb), Pb; Miljöfarligt, långtidseffekter;;;;
Blydioktadekanoat, tribasiskt;52080-60-1;257-645-8;Utfasningsämne;CMR (kategori 1A och 1B), Reproduktionsstörande; Särskilt farliga metaller (Hg, Cd, Pb), Pb; Miljöfarligt, långtidseffekter;;;;
Blytetraacetat;546-67-8;208-908-0;Utfasningsämne;CMR (kategori 1A och 1B), Reproduktionsstörande; Särskilt farliga metaller (Hg, Cd, Pb), Pb; Miljöfarligt, långtidseffekter;;;;
Blymetakrylat;52609-46-8;258-041-7;Utfasningsämne;CMR (kategori 1A och 1B), Reproduktionsstörande; Särskilt farliga metaller (Hg, Cd, Pb), Pb; Miljöfarligt, långtidseffekter;;;;
Blystearat, dibasiskt;52652-59-2;;Utfasningsämne;CMR (kategori 1A och 1B), Reproduktionsstörande; Särskilt farliga metaller (Hg, Cd, Pb), Pb; Miljöfarligt, långtidseffekter;;;;
Blysulfat, tetrabasiskt;52732-72-6;258-142-6;Utfasningsämne;CMR (kategori 1A och 1B), Reproduktionsstörande; Särskilt farliga metaller (Hg, Cd, Pb), Pb; Miljöfarligt, långtidseffekter;;;;
Bly-bis(isononanoat);52847-85-5;258-222-0;Utfasningsämne;CMR (kategori 1A och 1B), Reproduktionsstörande; Särskilt farliga metaller (Hg, Cd, Pb), Pb; Miljöfarligt, långtidseffekter;;;;
Blyfosfit, basisk;53807-64-0;258-787-3;Utfasningsämne;CMR (kategori 1A och 1B), Reproduktionsstörande; Särskilt farliga metaller (Hg, Cd, Pb), Pb; Miljöfarligt, långtidseffekter;;;;
Bly-1,3,5-Triazin-2,4,6-trionat;54554-36-8;259-227-0;Utfasningsämne;CMR (kategori 1A och 1B), Reproduktionsstörande; Särskilt farliga metaller (Hg, Cd, Pb), Pb; Miljöfarligt, långtidseffekter;;;;
Blyacetat, basisk;51404-69-4;257-175-3;Utfasningsämne;CMR (kategori 1A och 1B), Reproduktionsstörande; Särskilt farliga metaller (Hg, Cd, Pb), Pb; Miljöfarligt, långtidseffekter;;;;
Tetraetylbly;78-00-2;201-075-4;Utfasningsämne;CMR (kategori 1A och 1B), Reproduktionsstörande; Särskilt farliga metaller (Hg, Cd, Pb), Pb; Mycket hög akut giftighet; Miljöfarligt, långtidseffekter;;;
Dimetylbly(2+);21774-13-0;;Utfasningsämne;CMR (kategori 1A och 1B), Reproduktionsstörande; Särskilt farliga metaller (Hg, Cd, Pb), Pb; Mycket hög akut giftighet; Miljöfarligt, långtidseffekter;;;
Tetrametylbly;75-74-1;200-897-0;Utfasningsämne;CMR (kategori 1A och 1B), Reproduktionsstörande; PBT/vPvB; Särskilt farliga metaller (Hg, Cd, Pb), Pb; Mycket hög akut giftighet; Miljöfarligt, långtidseffekter;;
Blytetrametyl;68610-17-3;271-852-0;Utfasningsämne;CMR (kategori 1A och 1B), Reproduktionsstörande; Särskilt farliga metaller (Hg, Cd, Pb), Pb; Mycket hög akut giftighet; Miljöfarligt, långtidseffekter;;;
Tetra(sek-butyl)bly;65151-08-8;;Utfasningsämne;CMR (kategori 1A och 1B), Reproduktionsstörande; Särskilt farliga metaller (Hg, Cd, Pb), Pb; Mycket hög akut giftighet; Miljöfarligt, långtidseffekter;;;
Dietylbly;24952-65-6;;Utfasningsämne;CMR (kategori 1A och 1B), Reproduktionsstörande; Särskilt farliga metaller (Hg, Cd, Pb), Pb; Mycket hög akut giftighet; Miljöfarligt, långtidseffekter;;;
Trietylmetylbly;1762-28-3;217-171-4;Utfasningsämne;CMR (kategori 1A och 1B), Reproduktionsstörande; Särskilt farliga metaller (Hg, Cd, Pb), Pb; Mycket hög akut giftighet; Miljöfarligt, långtidseffekter;;;
Dietyldimetylbly;1762-27-2;217-170-9;Utfasningsämne;CMR (kategori 1A och 1B), Reproduktionsstörande; Särskilt farliga metaller (Hg, Cd, Pb), Pb; Mycket hög akut giftighet; Miljöfarligt, långtidseffekter;;;
Etyltrimetylbly;1762-26-1;217-169-3;Utfasningsämne;CMR (kategori 1A och 1B), Reproduktionsstörande; Särskilt farliga metaller (Hg, Cd, Pb), Pb; Mycket hög akut giftighet; Miljöfarligt, långtidseffekter;;;
Tetraisopropylbly;14846-40-3;;Utfasningsämne;CMR (kategori 1A och 1B), Reproduktionsstörande; Särskilt farliga metaller (Hg, Cd, Pb), Pb; Mycket hög akut giftighet; Miljöfarligt, långtidseffekter;;;
Trimetylbly;14570-16-2;;Utfasningsämne;CMR (kategori 1A och 1B), Reproduktionsstörande; Särskilt farliga metaller (Hg, Cd, Pb), Pb; Mycket hög akut giftighet; Miljöfarligt, långtidseffekter;;;
Tetrabutylbly;1920-90-7;217-649-2;Utfasningsämne;CMR (kategori 1A och 1B), Reproduktionsstörande; Särskilt farliga metaller (Hg, Cd, Pb), Pb; Mycket hög akut giftighet; Miljöfarligt, långtidseffekter;;;
Tetrapropylbly;3440-75-3;;Utfasningsämne;CMR (kategori 1A och 1B), Reproduktionsstörande; Särskilt farliga metaller (Hg, Cd, Pb), Pb; Mycket hög akut giftighet; Miljöfarligt, långtidseffekter;;;
Blyazid;13424-46-9;236-542-1;Utfasningsämne;CMR (kategori 1A och 1B), Reproduktionsstörande; Särskilt farliga metaller (Hg, Cd, Pb), Pb; Miljöfarligt, långtidseffekter;;;;
Blykromat;7758-97-6;231-846-0;Utfasningsämne;CMR (kategori 1A och 1B), Cancerframkallande; CMR (kategori 1A och 1B), Reproduktionsstörande; Särskilt farliga metaller (Hg, Cd, Pb), Pb; Miljöfarligt, långtidseffekter;;;
Blyacetat;301-04-2;206-104-4;Utfasningsämne;CMR (kategori 1A och 1B), Reproduktionsstörande; Särskilt farliga metaller (Hg, Cd, Pb), Pb; Miljöfarligt, långtidseffekter;;;;
Triblybis(ortofosfat);7446-27-7;231-205-5;Utfasningsämne;CMR (kategori 1A och 1B), Reproduktionsstörande; Särskilt farliga metaller (Hg, Cd, Pb), Pb; Miljöfarligt, långtidseffekter;;;;
Blyacetat, basisk;1335-32-6;215-630-3;Utfasningsämne;CMR (kategori 1A och 1B), Reproduktionsstörande; Särskilt farliga metaller (Hg, Cd, Pb), Pb; Miljöfarligt, långtidseffekter;;;;
Blymetansulfonat;17570-76-2;401-750-5;Utfasningsämne;CMR (kategori 1A och 1B), Reproduktionsstörande; Särskilt farliga metaller (Hg, Cd, Pb), Pb;;;;;
blykromatsulfat (detta ämne identiferas av Colour Index Constitution Number, C.I. 77603);1344-37-2;215-693-7;Utfasningsämne;CMR (kategori 1A och 1B), Cancerframkallande; CMR (kategori 1A och 1B), Reproduktionsstörande; Särskilt farliga metaller (Hg, Cd, Pb), Pb; Miljöfarligt, långtidseffekter;;;
blykromatmolybdatsulfat (detta ämne identiferas av Colour Index Constitution Number, C.I. 77605);12656-85-8;235-759-9;Utfasningsämne;CMR (kategori 1A och 1B), Cancerframkallande; CMR (kategori 1A och 1B), Reproduktionsstörande; Särskilt farliga metaller (Hg, Cd, Pb), Pb; Miljöfarligt, långtidseffekter;;;
Blyvätearsenat;7784-40-9;232-064-2;Utfasningsämne;CMR (kategori 1A och 1B), Cancerframkallande; CMR (kategori 1A och 1B), Reproduktionsstörande; Särskilt farliga metaller (Hg, Cd, Pb), Pb; Miljöfarligt, långtidseffekter;;;
C.I. Pigment white 1;1344-36-1;;Utfasningsämne;CMR (kategori 1A och 1B), Reproduktionsstörande; Särskilt farliga metaller (Hg, Cd, Pb), Pb; Miljöfarligt, långtidseffekter;;;;
Lead alloy,base, dross;69011-59-2;273-700-9;Utfasningsämne;CMR (kategori 1A och 1B), Reproduktionsstörande; Miljöfarligt, långtidseffekter;;;;;
